Date,Close,Return,Direction,vader_neg,vader_neu,vader_pos,vader_compound,n_posts
2020-01-02,6985.47021484375,-2.981929216259072,1,0.0755,0.8246,0.0999,0.0334,319
2020-01-03,7344.88427734375,5.145166344511276,1,0.0892,0.8085,0.1023,0.0012,410
2020-01-04,7410.65673828125,0.8954866877941559,1,0.0846,0.8293,0.0861,-0.0027,155
2020-01-05,7411.3173828125,0.0089147906127795,1,0.0851,0.8104,0.0928,0.008,171
2020-01-06,7769.21923828125,4.829126010697582,1,0.0791,0.8169,0.104,0.0092,231
2020-01-07,8163.6923828125,5.077384643588934,0,0.0883,0.8265,0.0852,-0.0156,313
2020-01-08,8079.86279296875,-1.0268587535248286,0,0.0921,0.8259,0.08,-0.0223,510
2020-01-09,7879.0712890625,-2.4850855645838776,1,0.0785,0.8367,0.0849,-0.0009,419
2020-01-10,8166.55419921875,3.648690303834745,0,0.0616,0.8374,0.1009,0.0473,303
2020-01-11,8037.53759765625,-1.5798168776598898,1,0.063,0.8611,0.0759,0.0231,194
2020-01-12,8192.494140625,1.9279106453441,0,0.0518,0.8299,0.1183,0.0852,143
2020-01-13,8144.1943359375,-0.5895616628883604,1,0.0608,0.8259,0.1133,0.0462,373
2020-01-14,8827.7646484375,8.393344808628168,0,0.0684,0.8406,0.0909,0.0283,444
2020-01-15,8807.0107421875,-0.2350980919464507,0,0.0723,0.8451,0.0827,0.0114,383
2020-01-16,8723.7861328125,-0.9449813541879348,1,0.0688,0.847,0.0842,0.0116,376
2020-01-17,8929.0380859375,2.352785247141642,1,0.0735,0.8201,0.1018,0.0278,431
2020-01-18,8942.80859375,0.1542216270102647,0,0.0506,0.8434,0.094,0.0621,248
2020-01-19,8706.2451171875,-2.6452928527155417,0,0.0416,0.8804,0.078,0.0432,193
2020-01-20,8657.642578125,-0.5582491465413786,1,0.071,0.8497,0.0794,-0.0008,259
2020-01-21,8745.89453125,1.0193531591149665,0,0.0887,0.8311,0.0802,-0.0134,434
2020-01-22,8680.8759765625,-0.7434180055016837,0,0.0739,0.8371,0.087,0.0247,498
2020-01-23,8406.515625,-3.160514587505292,1,0.0528,0.8538,0.0888,0.0531,436
2020-01-24,8445.4345703125,0.4629616722148233,0,0.0859,0.8359,0.0781,-0.0113,570
2020-01-25,8367.84765625,-0.918684685986848,1,0.0815,0.8328,0.0783,-0.0235,266
2020-01-26,8596.830078125,2.736455433721608,1,0.0696,0.8463,0.0841,0.0116,248
2020-01-27,8909.8193359375,3.6407519395889274,1,0.0821,0.8474,0.067,-0.02,561
2020-01-28,9358.58984375,5.036808165148732,0,0.0847,0.8377,0.0776,-0.0099,455
2020-01-29,9316.6298828125,-0.4483577295090302,1,0.0738,0.8421,0.0824,-0.003,619
2020-01-30,9508.9931640625,2.064730312029206,0,0.0714,0.8308,0.0962,0.0092,652
2020-01-31,9350.529296875,-1.6664631518128026,1,0.0661,0.8316,0.1023,0.0388,597
2020-02-01,9392.875,0.4528695839619789,0,0.0682,0.8117,0.1201,0.0565,311
2020-02-02,9344.365234375,-0.516452796667688,0,0.069,0.8487,0.0823,0.0088,334
2020-02-03,9293.521484375,-0.5441113304621492,0,0.063,0.841,0.096,0.0334,725
2020-02-04,9180.962890625,-1.2111511652417528,1,0.0655,0.8236,0.1102,0.057,1460
2020-02-05,9613.423828125,4.710409383547343,1,0.0762,0.827,0.0951,0.0269,1196
2020-02-06,9729.8017578125,1.2105773319493585,1,0.0636,0.8577,0.0776,0.0258,963
2020-02-07,9795.943359375,0.6797836503646293,1,0.0614,0.8441,0.0945,0.0414,865
2020-02-08,9865.119140625,0.7061676319697785,1,0.072,0.8374,0.0884,0.0149,453
2020-02-09,10116.673828125,2.549940694219166,0,0.0631,0.8343,0.1026,0.0619,371
2020-02-10,9856.611328125,-2.5706324471686526,1,0.0545,0.8426,0.1029,0.064,749
2020-02-11,10208.236328125,3.5674025108068053,1,0.0568,0.8497,0.0934,0.0463,1091
2020-02-12,10326.0546875,1.1541499979814906,0,0.0567,0.8491,0.0943,0.0462,1095
2020-02-13,10214.3798828125,-1.0814856987217514,1,0.0644,0.8295,0.1061,0.0486,913
2020-02-14,10312.1162109375,0.9568503349817404,0,0.0654,0.831,0.1036,0.05,943
2020-02-15,9889.4248046875,-4.09897830477971,1,0.045,0.8575,0.0976,0.0762,380
2020-02-16,9934.43359375,0.4551203932625647,0,0.0526,0.8582,0.0892,0.0482,323
2020-02-17,9690.142578125,-2.459033152918644,1,0.06,0.8488,0.0912,0.0192,479
2020-02-18,10141.99609375,4.66302236506857,0,0.0602,0.8571,0.0827,0.0303,1030
2020-02-19,9633.38671875,-5.014884351152826,0,0.052,0.8598,0.0875,0.0524,1304
2020-02-20,9608.4755859375,-0.2585916411308786,1,0.0609,0.8604,0.0787,0.0226,1694
2020-02-21,9686.44140625,0.8114275736580634,0,0.0698,0.8317,0.0964,0.0325,1412
2020-02-22,9663.181640625,-0.2401270461409255,1,0.0704,0.8217,0.1042,0.0423,543
2020-02-23,9924.515625,2.704430011708836,0,0.0717,0.8398,0.0885,0.0156,416
2020-02-24,9650.1748046875,-2.7642741538078885,0,0.0755,0.8315,0.0915,0.0123,1338
2020-02-25,9341.705078125,-3.196519574056456,0,0.0682,0.8481,0.0829,0.0183,1285
2020-02-26,8820.5224609375,-5.579095174048332,0,0.0743,0.8395,0.0863,0.015,1419
2020-02-27,8784.494140625,-0.4084601617654115,0,0.077,0.8373,0.0834,0.0104,2192
2020-02-28,8672.455078125,-1.2754184897438958,0,0.0745,0.8337,0.0905,0.0171,2285
2020-02-29,8599.5087890625,-0.8411261679117432,0,0.0835,0.8376,0.0772,-0.0159,1181
2020-03-01,8562.4541015625,-0.4308930708592173,1,0.0725,0.8507,0.0748,-0.0061,979
2020-03-02,8869.669921875,3.587941221856461,0,0.0953,0.8285,0.0751,-0.0321,1727
2020-03-03,8787.7861328125,-0.9231886844013548,0,0.0975,0.8121,0.0897,-0.0187,1695
2020-03-04,8755.24609375,-0.3702871072499114,1,0.0718,0.8358,0.0924,0.0156,1116
2020-03-05,9078.7626953125,3.695117168590434,1,0.0735,0.8436,0.0821,-0.0044,1205
2020-03-06,9122.5458984375,0.4822595830994203,0,0.0636,0.8448,0.0916,0.025,1317
2020-03-07,8909.9541015625,-2.330399860322019,0,0.0788,0.8423,0.0789,-0.0067,820
2020-03-08,8108.1162109375,-8.999349283790192,0,0.0839,0.8382,0.0719,-0.0275,665
2020-03-09,7923.64453125,-2.275148442478603,0,0.0791,0.8274,0.0931,0.0111,2338
2020-03-10,7909.7294921875,-0.1756141256415655,1,0.083,0.8302,0.0868,-0.0006,1466
2020-03-11,7911.43017578125,0.0215011600008585,0,0.0746,0.8439,0.0787,0.0033,1421
2020-03-12,4970.7880859375,-37.16953856011708,1,0.0793,0.835,0.0836,0.0069,3228
2020-03-13,5563.70703125,11.928067241286833,0,0.0837,0.8331,0.0813,-0.0063,2710
2020-03-14,5200.3662109375,-6.530552710121185,1,0.0854,0.8347,0.0792,-0.0133,1390
2020-03-15,5392.31494140625,3.6910617960912,0,0.087,0.8383,0.0733,-0.0217,1457
2020-03-16,5014.47998046875,-7.006915676163484,1,0.0719,0.8359,0.0891,0.0221,3359
2020-03-17,5225.62939453125,4.210793838741411,1,0.0803,0.8411,0.0757,-0.0152,2067
2020-03-18,5238.4384765625,0.2451203685560843,1,0.0787,0.8344,0.0853,0.0072,2514
2020-03-19,6191.19287109375,18.187755736638024,1,0.0787,0.8402,0.0811,0.001,1969
2020-03-20,6198.7783203125,0.1225199953657663,0,0.092,0.8347,0.0728,-0.0216,1936
2020-03-21,6185.06640625,-0.221203491300348,0,0.086,0.8343,0.0786,-0.0105,917
2020-03-22,5830.2548828125,-5.736583896317804,1,0.0846,0.8368,0.0786,-0.007,966
2020-03-23,6416.31494140625,10.052048673231171,1,0.0858,0.8419,0.0711,-0.0241,1683
2020-03-24,6734.8037109375,4.963733427047878,0,0.0882,0.8316,0.0791,-0.0168,1746
2020-03-25,6681.06298828125,-0.7979552925792555,1,0.0941,0.8171,0.0871,-0.0163,1751
2020-03-26,6716.4404296875,0.5295181540467819,0,0.0817,0.8329,0.0853,-0.003,1867
2020-03-27,6469.79833984375,-3.672214358569481,0,0.0831,0.8341,0.0821,-0.0071,1405
2020-03-28,6242.19384765625,-3.517953423460129,0,0.0959,0.8267,0.0774,-0.0374,762
2020-03-29,5922.04296875,-5.128819878390301,1,0.0925,0.8245,0.083,-0.0204,718
2020-03-30,6429.841796875,8.574723804008189,1,0.0849,0.8303,0.0839,-0.013,1058
2020-03-31,6438.64453125,0.1369043695488514,1,0.0866,0.831,0.0814,-0.0145,1069
2020-04-01,6606.7763671875,2.6112924097839496,1,0.0781,0.8382,0.0838,-0.0025,1009
2020-04-02,6793.62451171875,2.828128789998541,0,0.0934,0.8234,0.0822,-0.0261,979
2020-04-03,6733.38720703125,-0.8866740365705117,1,0.1092,0.8225,0.0675,-0.0576,1231
2020-04-04,6867.52734375,1.992164308903499,0,0.0789,0.8403,0.0785,-0.0091,442
2020-04-05,6791.12939453125,-1.1124520572645125,1,0.076,0.8529,0.0711,0.0042,515
2020-04-06,7271.78125,7.077642429487629,0,0.084,0.838,0.077,-0.0092,995
2020-04-07,7176.41455078125,-1.3114627068677276,1,0.0853,0.8301,0.0837,-0.0023,995
2020-04-08,7334.0986328125,2.197254365887824,0,0.1082,0.7958,0.0951,-0.0215,1063
2020-04-09,7302.08935546875,-0.4364445986660414,0,0.0831,0.8304,0.0865,-0.0041,1270
2020-04-10,6865.4931640625,-5.979058460566089,0,0.091,0.8348,0.0731,-0.0222,944
2020-04-11,6859.0830078125,-0.0933677464505233,1,0.0776,0.8368,0.0826,0.0049,656
2020-04-12,6971.091796875,1.6329994685138294,0,0.0635,0.862,0.0745,0.0055,671
2020-04-13,6845.03759765625,-1.8082418492216368,0,0.0693,0.8466,0.0828,0.0112,829
2020-04-14,6842.427734375,-0.0381278151363795,0,0.0807,0.8313,0.0863,-0.0145,1149
2020-04-15,6642.10986328125,-2.9275847531044064,1,0.0739,0.8327,0.0934,0.0186,1037
2020-04-16,7116.80419921875,7.146740203164859,0,0.068,0.8466,0.0854,0.0131,1024
2020-04-17,7096.1845703125,-0.2897315751431484,1,0.0757,0.8402,0.0832,0.0068,1130
2020-04-18,7257.6650390625,2.275595669052466,0,0.0821,0.8322,0.0857,0.0011,630
2020-04-19,7189.4248046875,-0.9402505352301916,0,0.0658,0.8592,0.0734,0.0022,615
2020-04-20,6881.95849609375,-4.276646838190478,0,0.0842,0.8244,0.0906,-0.009,1260
2020-04-21,6880.3232421875,-0.0237614613220693,1,0.0822,0.823,0.0931,0.0066,1265
2020-04-22,7117.20751953125,3.4429236680519004,1,0.079,0.834,0.087,0.0182,917
2020-04-23,7429.724609375,4.391007132869618,1,0.0771,0.8281,0.0948,0.0187,967
2020-04-24,7550.90087890625,1.6309658285092787,1,0.0749,0.8301,0.095,0.0088,864
2020-04-25,7569.93603515625,0.2520911948821203,1,0.0788,0.824,0.0952,0.0115,508
2020-04-26,7679.8671875,1.4522071498782596,1,0.0835,0.8371,0.0793,-0.004,460
2020-04-27,7795.60107421875,1.5069777105927384,1,0.0685,0.8453,0.0834,0.0244,750
2020-04-28,7807.05859375,0.1469741643032707,1,0.0695,0.8448,0.0833,0.0121,847
2020-04-29,8801.0380859375,12.731805202323422,0,0.0659,0.8288,0.1044,0.0469,1135
2020-04-30,8658.5537109375,-1.6189496467202469,1,0.0649,0.8341,0.101,0.0377,937
2020-05-01,8864.7666015625,2.3816089558295506,1,0.0678,0.8247,0.1056,0.0417,1072
2020-05-02,8988.5966796875,1.3968791699848548,0,0.0225,0.9504,0.0261,-0.0006,1854
2020-05-03,8897.46875,-1.0138170944239966,1,0.055,0.8454,0.0946,0.0236,398
2020-05-04,8912.654296875,0.1706726632223265,1,0.0625,0.8617,0.0758,0.0207,605
2020-05-05,9003.0703125,1.0144678859214995,1,0.0576,0.8595,0.0815,0.0282,720
2020-05-06,9268.76171875,2.9511199738283755,1,0.0669,0.8385,0.0946,0.0229,790
2020-05-07,9951.5185546875,7.366214135771076,0,0.0723,0.8396,0.0881,0.0152,905
2020-05-08,9842.666015625,-1.0938284289408906,0,0.0813,0.8254,0.0909,0.0042,849
2020-05-09,9593.896484375,-2.5274608612654736,0,0.0657,0.8655,0.0688,-0.0022,447
2020-05-10,8756.4306640625,-8.729152140388742,0,0.0739,0.8468,0.0765,0.0136,353
2020-05-11,8601.7958984375,-1.7659566044374797,1,0.0667,0.8444,0.0889,0.0262,611
2020-05-12,8804.4775390625,2.3562712138033515,1,0.0647,0.8522,0.0831,0.0148,792
2020-05-13,9269.9873046875,5.287193516704303,1,0.0705,0.8374,0.0921,0.0169,726
2020-05-14,9733.7216796875,5.002535168149658,0,0.063,0.8515,0.0842,0.019,766
2020-05-15,9328.197265625,-4.166180495059313,1,0.0775,0.826,0.0965,0.028,664
2020-05-16,9377.013671875,0.5233209039209763,1,0.079,0.8275,0.0909,0.0147,393
2020-05-17,9670.7392578125,3.132400103227817,1,0.0641,0.8606,0.0753,0.0178,331
2020-05-18,9726.5751953125,0.5773698991511145,1,0.0683,0.829,0.0972,0.031,912
2020-05-19,9729.0380859375,0.0253212520907375,0,0.0561,0.8526,0.0913,0.0366,783
2020-05-20,9522.9814453125,-2.117954918100662,0,0.0631,0.8461,0.0895,0.0224,781
2020-05-21,9081.76171875,-4.633209978369557,1,0.0758,0.8316,0.09,0.0189,767
2020-05-22,9182.5771484375,1.110086707949609,1,0.0799,0.8412,0.0774,-0.0025,648
2020-05-23,9209.287109375,0.2908765208909258,0,0.07,0.8427,0.0872,0.0273,398
2020-05-24,8790.3681640625,-4.548874851409979,1,0.0713,0.8399,0.0888,0.0263,305
2020-05-25,8906.9345703125,1.3260696716498988,0,0.0674,0.8536,0.0791,0.0087,319
2020-05-26,8835.052734375,-0.8070322664891605,1,0.0662,0.8459,0.085,0.0259,707
2020-05-27,9181.017578125,3.9158209254817056,1,0.0631,0.8404,0.0953,0.052,813
2020-05-28,9525.7509765625,3.754849563286689,0,0.0612,0.8415,0.0973,0.0525,791
2020-05-29,9439.1240234375,-0.9093976247976698,1,0.0753,0.8255,0.0964,0.0284,721
2020-05-30,9700.4140625,2.768159825145977,0,0.0764,0.8379,0.0857,-0.0161,389
2020-05-31,9461.05859375,-2.4674768232348376,1,0.0812,0.835,0.0814,-0.0136,416
2020-06-01,10167.2685546875,7.464386293982206,0,0.0774,0.834,0.0885,0.0049,692
2020-06-02,9529.8037109375,-6.269774820259899,1,0.0655,0.8492,0.0839,0.0157,724
2020-06-03,9656.7177734375,1.3317594606312655,1,0.0586,0.8598,0.0816,0.0358,667
2020-06-04,9800.63671875,1.4903505382374729,0,0.0551,0.8519,0.093,0.0488,636
2020-06-05,9665.533203125,-1.3785177382049874,0,0.0599,0.8209,0.1181,0.0581,970
2020-06-06,9653.6796875,-0.1226369552087214,1,0.0721,0.815,0.1128,0.0416,380
2020-06-07,9758.8525390625,1.0894586827723485,1,0.0622,0.8498,0.088,0.0313,339
2020-06-08,9771.4892578125,0.1294898011771073,1,0.0559,0.8397,0.1044,0.0673,1225
2020-06-09,9795.7001953125,0.2477712133863718,1,0.0695,0.8375,0.0875,0.0246,1263
2020-06-10,9870.0947265625,0.7594610876882513,0,0.0486,0.8521,0.0977,0.0503,1307
2020-06-11,9321.78125,-5.555301055894358,1,0.0669,0.8351,0.0965,0.0372,1848
2020-06-12,9480.84375,1.706353064227928,0,0.0672,0.8301,0.1027,0.0354,1348
2020-06-13,9475.27734375,-0.0587121399400758,0,0.0596,0.8409,0.0995,0.0437,701
2020-06-14,9386.7880859375,-0.9338962291258746,1,0.0529,0.8478,0.0961,0.0428,620
2020-06-15,9450.7021484375,0.6808938469139436,1,0.0771,0.8417,0.0811,0.0099,1026
2020-06-16,9538.0244140625,0.9239764861221244,0,0.0683,0.8364,0.0953,0.0284,1034
2020-06-17,9480.2548828125,-0.6056760681470541,0,0.0835,0.8362,0.0792,-0.0139,966
2020-06-18,9411.8408203125,-0.7216479234543938,0,0.1147,0.8016,0.0773,-0.0768,937
2020-06-19,9288.0185546875,-1.3156009327927487,1,0.0792,0.8199,0.0977,0.0123,938
2020-06-20,9332.3408203125,0.4771982890003023,0,0.0591,0.849,0.0901,0.0279,579
2020-06-21,9303.6298828125,-0.3076499032001578,1,0.0682,0.8526,0.0739,0.0084,379
2020-06-22,9648.7177734375,3.709174751916078,0,0.0633,0.8486,0.0882,0.0293,691
2020-06-23,9629.658203125,-0.1975347477254474,0,0.0632,0.8577,0.0765,0.0298,757
2020-06-24,9313.6103515625,-3.282025643027875,0,0.066,0.8278,0.1048,0.0324,754
2020-06-25,9264.8134765625,-0.5239308190707503,0,0.0699,0.8392,0.0881,0.016,728
2020-06-26,9162.91796875,-1.0998117562784016,0,0.0879,0.8078,0.1044,0.0163,792
2020-06-27,9045.390625,-1.2826410118569775,1,0.0623,0.8524,0.0852,0.0266,403
2020-06-28,9143.58203125,1.085540805486218,1,0.0435,0.8461,0.1104,0.0633,376
2020-06-29,9190.8544921875,0.5170015512075743,0,0.0651,0.8441,0.0892,0.016,617
2020-06-30,9137.9931640625,-0.5751513982724221,1,0.0525,0.848,0.0995,0.0569,650
2020-07-01,9228.3251953125,0.988532488788163,0,0.0562,0.8554,0.0884,0.053,734
2020-07-02,9123.41015625,-1.1368806022981404,0,0.0652,0.8324,0.1012,0.0496,799
2020-07-03,9087.3037109375,-0.395756024273064,1,0.0622,0.8281,0.1097,0.054,399
2020-07-04,9132.48828125,0.4972274697731871,0,0.0505,0.8677,0.0818,0.0496,289
2020-07-05,9073.9423828125,-0.641072801130238,1,0.0544,0.8555,0.0902,0.0394,304
2020-07-06,9375.474609375,3.32305643833104,0,0.0524,0.8357,0.1118,0.063,736
2020-07-07,9252.27734375,-1.314037643510968,1,0.0588,0.8528,0.0884,0.0365,714
2020-07-08,9428.3330078125,1.902835999413988,0,0.0611,0.8456,0.088,0.0384,770
2020-07-09,9277.9677734375,-1.5948231171979632,1,0.0605,0.8286,0.1097,0.0518,816
2020-07-10,9278.8076171875,0.0090520227113088,0,0.0534,0.8431,0.1001,0.0473,897
2020-07-11,9240.3466796875,-0.4145030168397623,1,0.05,0.852,0.0961,0.05,523
2020-07-12,9276.5,0.3912550206798482,0,0.0565,0.8268,0.1167,0.0796,392
2020-07-13,9243.6142578125,-0.3545059255915528,0,0.0566,0.8239,0.1186,0.0714,1019
2020-07-14,9243.2138671875,-0.0043315375764629,0,0.0618,0.8429,0.0925,0.028,731
2020-07-15,9192.8369140625,-0.5450155524782674,0,0.0599,0.8407,0.0982,0.0424,822
2020-07-16,9132.2275390625,-0.6593108913667822,1,0.074,0.8333,0.0915,0.0285,819
2020-07-17,9151.392578125,0.2098616025556055,1,0.0663,0.8388,0.0935,0.0285,717
2020-07-18,9159.0400390625,0.0835660897750223,1,0.0627,0.8353,0.1021,0.0153,432
2020-07-19,9185.8173828125,0.2923597193133398,0,0.0593,0.8168,0.1184,0.0583,365
2020-07-20,9164.2314453125,-0.234992016501323,1,0.0515,0.8548,0.0922,0.0477,652
2020-07-21,9374.8876953125,2.298678850016933,1,0.0606,0.8417,0.0977,0.0492,754
2020-07-22,9525.36328125,1.6050921443329758,1,0.0488,0.855,0.0948,0.0673,751
2020-07-23,9581.072265625,0.584848921034431,0,0.0758,0.8341,0.0888,0.0197,763
2020-07-24,9536.892578125,-0.4611142289210002,1,0.0671,0.8132,0.1197,0.071,805
2020-07-25,9677.11328125,1.4702976045533722,1,0.05,0.8119,0.138,0.0994,389
2020-07-26,9905.1669921875,2.356629547567324,1,0.049,0.8505,0.0973,0.0827,310
2020-07-27,10990.873046875,10.96100707382146,0,0.0657,0.8329,0.1013,0.0309,617
2020-07-28,10912.8232421875,-0.7101328925793737,1,0.0627,0.8471,0.0887,0.0376,657
2020-07-29,11100.4677734375,1.7194865809297744,1,0.0671,0.8301,0.1028,0.0394,721
2020-07-30,11111.2138671875,0.0968075757646458,1,0.0671,0.8376,0.0954,0.0223,937
2020-07-31,11323.466796875,1.91025870102548,1,0.0645,0.8393,0.094,0.0311,892
2020-08-01,11759.5927734375,3.851523428168302,0,0.0606,0.8597,0.0797,0.0404,435
2020-08-02,11053.6142578125,-6.003426557590164,1,0.0586,0.8434,0.098,0.0417,383
2020-08-03,11246.3486328125,1.7436321777176025,0,0.0547,0.8466,0.0987,0.0511,739
2020-08-04,11205.892578125,-0.359726129861071,1,0.0557,0.8475,0.0958,0.0456,931
2020-08-05,11747.0224609375,4.828976175167332,1,0.0577,0.8378,0.1022,0.0592,886
2020-08-06,11779.7734375,0.2788023660583505,0,0.0652,0.8391,0.0957,0.0322,892
2020-08-07,11601.47265625,-1.513618086086388,1,0.0666,0.8277,0.1045,0.0491,873
2020-08-08,11754.0458984375,1.3151196120374076,0,0.0665,0.8339,0.0995,0.0453,459
2020-08-09,11675.7392578125,-0.6662100973708895,1,0.0538,0.8499,0.0963,0.0517,375
2020-08-10,11878.111328125,1.7332698670629254,0,0.056,0.8585,0.0855,0.038,661
2020-08-11,11410.525390625,-3.936534391564839,1,0.065,0.8306,0.1021,0.0404,899
2020-08-12,11584.9345703125,1.5284938573538076,1,0.0613,0.8296,0.108,0.046,901
2020-08-13,11784.1376953125,1.7195015111304723,0,0.0757,0.8253,0.099,0.0311,860
2020-08-14,11768.87109375,-0.1295521314942926,1,0.0655,0.8396,0.0948,0.0257,755
2020-08-15,11865.6982421875,0.8227394765919493,1,0.0807,0.8273,0.092,0.0392,402
2020-08-16,11892.8037109375,0.2284355138379323,1,0.0649,0.8241,0.1109,0.0461,367
2020-08-17,12254.40234375,3.040482644811049,0,0.0535,0.8431,0.1017,0.0642,623
2020-08-18,11991.2333984375,-2.1475461465219614,0,0.0652,0.828,0.1068,0.0514,726
2020-08-19,11758.283203125,-1.9426708460436928,1,0.0555,0.852,0.0924,0.0501,738
2020-08-20,11878.3720703125,1.021312934149976,0,0.0551,0.8486,0.0962,0.0505,859
2020-08-21,11592.4892578125,-2.406750780391065,1,0.0512,0.8293,0.1184,0.0725,875
2020-08-22,11681.8251953125,0.7706363621583279,0,0.0492,0.8519,0.0989,0.0628,482
2020-08-23,11664.84765625,-0.1453329319575202,1,0.052,0.8274,0.1206,0.0603,454
2020-08-24,11774.595703125,0.9408442365399948,0,0.0549,0.8449,0.1002,0.0562,787
2020-08-25,11366.134765625,-3.4690018052305094,1,0.0535,0.8516,0.0949,0.0424,706
2020-08-26,11488.36328125,1.0753745063331488,0,0.0567,0.8221,0.1212,0.0725,953
2020-08-27,11323.3974609375,-1.435938403704018,1,0.054,0.8396,0.1054,0.0635,1031
2020-08-28,11542.5,1.934954061432026,0,0.0561,0.8425,0.1014,0.0494,911
2020-08-29,11506.865234375,-0.3087265811132722,1,0.0618,0.8366,0.1016,0.0629,522
2020-08-30,11711.505859375,1.7784220187846422,0,0.0398,0.8487,0.1115,0.0929,481
2020-08-31,11680.8203125,-0.2620119670643017,1,0.0686,0.8317,0.0981,0.0458,1209
2020-09-01,11970.478515625,2.4797762089964426,0,0.06,0.8211,0.1173,0.0684,1264
2020-09-02,11414.0341796875,-4.648471948812871,0,0.0525,0.8443,0.1009,0.0609,1333
2020-09-03,10245.296875,-10.23947612464131,1,0.0762,0.8311,0.091,0.0165,1716
2020-09-04,10511.8134765625,2.601355576262887,0,0.076,0.8314,0.0914,0.0133,1637
2020-09-05,10169.5673828125,-3.255823502891142,1,0.0785,0.8416,0.0782,0.0022,589
2020-09-06,10280.3515625,1.0893696409813414,1,0.0594,0.8556,0.085,0.0408,443
2020-09-07,10369.5634765625,0.867790498409815,0,0.0666,0.8536,0.0775,0.0121,437
2020-09-08,10131.5166015625,-2.2956306264775628,1,0.0692,0.8424,0.0875,0.0236,1161
2020-09-09,10242.34765625,1.093923634990723,1,0.0679,0.8349,0.0942,0.0295,1014
2020-09-10,10363.138671875,1.1793293850096198,1,0.0767,0.8271,0.0963,0.0171,899
2020-09-11,10400.9150390625,0.3645263118018826,1,0.0707,0.8364,0.0917,0.0283,786
2020-09-12,10442.1708984375,0.3966560559340859,0,0.0637,0.8598,0.0765,0.0052,462
2020-09-13,10323.755859375,-1.1340078630605377,1,0.0653,0.8558,0.0789,0.0167,403
2020-09-14,10680.837890625,3.45883839286778,1,0.0609,0.8451,0.094,0.0416,842
2020-09-15,10796.951171875,1.0871177190313608,1,0.0629,0.8356,0.1015,0.0297,879
2020-09-16,10974.9052734375,1.648188444401355,0,0.0671,0.8331,0.0988,0.0341,901
2020-09-17,10948.990234375,-0.2361299566313479,0,0.0729,0.8216,0.1055,0.0281,831
2020-09-18,10944.5859375,-0.0402255987147825,1,0.0668,0.8358,0.0961,0.0274,787
2020-09-19,11094.3466796875,1.3683545731443925,0,0.0621,0.8384,0.0995,0.0592,441
2020-09-20,10938.271484375,-1.4067993350005523,0,0.0628,0.8313,0.1058,0.0501,381
2020-09-21,10462.259765625,-4.351800185522626,1,0.0764,0.829,0.0935,0.0132,941
2020-09-22,10538.4599609375,0.7283340025915352,0,0.0684,0.8499,0.0808,0.0144,1056
2020-09-23,10246.1865234375,-2.773397997272453,1,0.0804,0.8255,0.0931,0.0114,1039
2020-09-24,10760.06640625,5.015328206616498,0,0.0815,0.8317,0.0868,0.0052,761
2020-09-25,10692.716796875,-0.6259218747560857,1,0.061,0.841,0.0961,0.0243,550
2020-09-26,10750.7236328125,0.5424892199001441,1,0.07,0.8521,0.078,0.0017,325
2020-09-27,10775.26953125,0.228318569761976,0,0.0554,0.8386,0.0972,0.0432,227
2020-09-28,10709.65234375,-0.6089609852421796,1,0.048,0.8137,0.1344,0.0749,508
2020-09-29,10844.640625,1.2604356977915954,0,0.0612,0.854,0.0815,0.0167,599
2020-09-30,10784.4912109375,-0.554646448346463,0,0.0567,0.8655,0.076,0.01,568
2020-10-01,10619.4521484375,-1.530337030017881,0,0.0775,0.8299,0.0907,-0.0017,530
2020-10-02,10575.974609375,-0.409414143543152,0,0.065,0.845,0.0888,0.036,883
2020-10-03,10549.3291015625,-0.2519437573997196,1,0.0717,0.8461,0.0793,0.0095,343
2020-10-04,10669.5830078125,1.1399199427022166,1,0.0629,0.851,0.0826,0.001,289
2020-10-05,10793.33984375,1.159903211277169,0,0.0687,0.837,0.0924,0.0381,535
2020-10-06,10604.40625,-1.7504646058134066,1,0.0918,0.8163,0.0907,-0.0047,804
2020-10-07,10668.96875,0.6088271090142428,1,0.0537,0.8527,0.0936,0.047,706
2020-10-08,10915.685546875,2.3124708925124526,1,0.0643,0.8365,0.0992,0.0507,703
2020-10-09,11064.4580078125,1.3629236597062944,1,0.0579,0.8428,0.0961,0.0464,627
2020-10-10,11296.361328125,2.095930231275278,1,0.0647,0.8507,0.0846,0.0174,330
2020-10-11,11384.181640625,0.7774212416643334,1,0.0527,0.8537,0.0935,0.0552,351
2020-10-12,11555.36328125,1.503679807902314,0,0.0478,0.86,0.0906,0.0624,618
2020-10-13,11425.8994140625,-1.1203790312466544,1,0.0607,0.8511,0.0882,0.0277,631
2020-10-14,11429.5068359375,0.031572323055462,1,0.0607,0.8382,0.0997,0.0366,709
2020-10-15,11495.349609375,0.5760771167350187,0,0.0807,0.8232,0.0935,0.0138,769
2020-10-16,11322.123046875,-1.506927308750361,1,0.0702,0.8359,0.0939,0.0326,678
2020-10-17,11358.1015625,0.317771812548262,1,0.0656,0.8106,0.1238,0.068,356
2020-10-18,11483.359375,1.1028058853915557,1,0.0465,0.8517,0.1018,0.0684,262
2020-10-19,11742.037109375,2.252631185070797,1,0.0608,0.8518,0.0874,0.0306,532
2020-10-20,11916.3349609375,1.4843919324981414,1,0.0632,0.833,0.1022,0.0346,642
2020-10-21,12823.689453125,7.614375520341321,1,0.0692,0.8146,0.1162,0.0482,598
2020-10-22,12965.8916015625,1.1089019970212055,0,0.0694,0.8251,0.1039,0.0288,631
2020-10-23,12931.5390625,-0.2649454439242693,1,0.0683,0.8322,0.0994,0.0448,555
2020-10-24,13108.0625,1.36506131750318,0,0.0447,0.8575,0.0939,0.0551,258
2020-10-25,13031.173828125,-0.586575413986623,1,0.0561,0.8116,0.1287,0.1045,275
2020-10-26,13075.248046875,0.3382214014740148,1,0.0652,0.8254,0.1019,0.0378,530
2020-10-27,13654.21875,4.427990207523247,0,0.0595,0.8332,0.1055,0.0717,550
2020-10-28,13271.28515625,-2.804507535445777,1,0.0627,0.8183,0.116,0.0684,683
2020-10-29,13437.8828125,1.2553242153156674,1,0.062,0.8244,0.1136,0.0536,650
2020-10-30,13546.5224609375,0.808458072996765,1,0.0716,0.82,0.1068,0.044,638
2020-10-31,13780.9951171875,1.730869726353168,0,0.0628,0.8331,0.1041,0.0485,313
2020-11-01,13737.109375,-0.3184511845067406,0,0.0533,0.8348,0.1119,0.0697,231
2020-11-02,13550.4892578125,-1.3585108198026608,1,0.0683,0.82,0.1094,0.0473,439
2020-11-03,13950.30078125,2.950532012761009,1,0.0522,0.8312,0.1166,0.0878,492
2020-11-04,14133.70703125,1.3147117963686394,1,0.0628,0.8176,0.1157,0.0543,505
2020-11-05,15579.8486328125,10.231863433740653,0,0.0555,0.8305,0.1139,0.0806,640
2020-11-06,15565.880859375,-0.0896528186293377,0,0.0489,0.8455,0.1039,0.0768,631
2020-11-07,14833.75390625,-4.70340843373509,1,0.0453,0.8526,0.1021,0.0856,319
2020-11-08,15479.5673828125,4.353675277640923,0,0.054,0.8735,0.0725,0.0226,273
2020-11-09,15332.3154296875,-0.9512665921690976,0,0.0579,0.8202,0.1179,0.0667,994
2020-11-10,15290.90234375,-0.2701032738819942,1,0.0577,0.8559,0.0863,0.0267,734
2020-11-11,15701.33984375,2.684194109497806,1,0.0528,0.8416,0.1038,0.0653,547
2020-11-12,16276.34375,3.6621327349900312,1,0.0642,0.8283,0.1075,0.0517,774
2020-11-13,16317.80859375,0.2547552717421464,0,0.0607,0.8334,0.1059,0.0614,902
2020-11-14,16068.138671875,-1.5300456580341737,0,0.0584,0.852,0.0896,0.0407,441
2020-11-15,15955.587890625,-0.7004593596581565,1,0.0598,0.8404,0.0943,0.0342,367
2020-11-16,16716.111328125,4.766502135260464,1,0.0598,0.8436,0.0966,0.0407,802
2020-11-17,17645.40625,5.559276937282975,1,0.0607,0.8451,0.0943,0.0434,1032
2020-11-18,17804.005859375,0.8988152900985202,1,0.0634,0.8388,0.0968,0.039,1048
2020-11-19,17817.08984375,0.0734889916254921,1,0.0614,0.832,0.1067,0.0501,902
2020-11-20,18621.314453125,4.513782084660201,1,0.0494,0.8533,0.0964,0.06,986
2020-11-21,18642.232421875,0.11233347035009,0,0.0541,0.8361,0.1098,0.0659,473
2020-11-22,18370.001953125,-1.4602889964538843,0,0.0535,0.8361,0.1081,0.0548,423
2020-11-23,18364.12109375,-0.0320133845930215,1,0.0493,0.8402,0.1089,0.074,1247
2020-11-24,19107.46484375,4.0478046632625775,0,0.0527,0.8471,0.1003,0.0618,1720
2020-11-25,18732.12109375,-1.964382784787766,0,0.0568,0.8572,0.0856,0.0462,2517
2020-11-26,17150.623046875,-8.442706722639482,0,0.051,0.8511,0.0979,0.0634,1608
2020-11-27,17108.40234375,-0.2461759144819719,1,0.071,0.8444,0.084,0.0178,3090
2020-11-28,17717.4140625,3.5597229157547927,1,0.0613,0.8436,0.0943,0.0398,1248
2020-11-29,18177.484375,2.596712538731971,1,0.0608,0.8566,0.0804,0.0218,908
2020-11-30,19625.8359375,7.967832801396635,0,0.0599,0.8515,0.0877,0.0348,2241
2020-12-01,18802.998046875,-4.192625951044282,1,0.0628,0.8424,0.0924,0.0419,2017
2020-12-02,19201.091796875,2.1171823185194727,1,0.0727,0.8443,0.0824,0.0213,1688
2020-12-03,19445.3984375,1.272358068017576,0,0.0538,0.8398,0.1042,0.0631,1402
2020-12-04,18699.765625,-3.834494905807973,1,0.049,0.8488,0.1022,0.0593,1212
2020-12-05,19154.23046875,2.430323742359741,1,0.0586,0.824,0.1158,0.076,659
2020-12-06,19345.12109375,0.9965977245154134,0,0.0557,0.8449,0.0994,0.0545,527
2020-12-07,19191.630859375,-0.7934312410408761,0,0.0535,0.8567,0.0891,0.041,1314
2020-12-08,18321.14453125,-4.53576006387062,1,0.0574,0.8447,0.0972,0.0491,1451
2020-12-09,18553.916015625,1.2705073309037251,0,0.0721,0.8425,0.0839,0.017,1403
2020-12-10,18264.9921875,-1.5572121156616547,0,0.0544,0.8406,0.1034,0.0692,1195
2020-12-11,18058.904296875,-1.1283218109780502,1,0.0594,0.8439,0.0958,0.0447,1081
2020-12-12,18803.65625,4.1240151721379625,1,0.0553,0.8558,0.0871,0.0531,553
2020-12-13,19142.3828125,1.8013866983980886,1,0.0531,0.8361,0.1108,0.0591,456
2020-12-14,19246.64453125,0.5446642655266398,1,0.0479,0.8644,0.0876,0.0472,948
2020-12-15,19417.076171875,0.8855135259981495,1,0.051,0.8608,0.0864,0.0472,1115
2020-12-16,21310.59765625,9.751836309514529,1,0.0536,0.8572,0.0883,0.0491,1223
2020-12-17,22805.162109375,7.013245133867341,1,0.0553,0.8455,0.0977,0.0612,1324
2020-12-18,23137.9609375,1.459313582288413,1,0.0645,0.8324,0.1002,0.0454,1376
2020-12-19,23869.83203125,3.1630751548372027,0,0.0638,0.8275,0.1088,0.0471,648
2020-12-20,23477.294921875,-1.644490454985592,0,0.0574,0.8418,0.1009,0.0572,632
2020-12-21,22803.08203125,-2.871765647910318,1,0.0561,0.8356,0.1068,0.066,1328
2020-12-22,23783.029296875,4.297433409580576,0,0.0553,0.8362,0.1078,0.0629,1457
2020-12-23,23241.345703125,-2.277605543803352,1,0.0547,0.837,0.1068,0.0681,1314
2020-12-24,23735.94921875,2.128119094061298,1,0.0589,0.8231,0.1136,0.083,897
2020-12-25,24664.791015625,3.913227940938091,1,0.0523,0.7907,0.1555,0.1527,636
2020-12-26,26437.037109375,7.185327832809496,0,0.0394,0.8505,0.1101,0.085,560
2020-12-27,26272.294921875,-0.6231492085078671,1,0.0671,0.8206,0.1106,0.0653,581
2020-12-28,27084.80859375,3.092663485588698,1,0.0581,0.8382,0.1027,0.0547,966
2020-12-29,27362.4375,1.0250355112868093,1,0.0692,0.8328,0.097,0.0329,1048
2020-12-30,28840.953125,5.4034499850387885,1,0.0488,0.8468,0.1044,0.0706,992
2020-12-31,29001.720703125,0.5574281038085438,1,0.0558,0.8435,0.0996,0.06,996
2021-01-01,29374.15234375,1.2841708408869223,1,0.047,0.8345,0.1185,0.1204,593
2021-01-02,32127.267578125,9.372577639540935,1,0.0469,0.848,0.105,0.0685,635
2021-01-03,32782.0234375,2.0380066800975483,0,0.0484,0.8546,0.097,0.0667,629
2021-01-04,31971.9140625,-2.471200036033472,1,0.0463,0.8527,0.1009,0.0753,1039
2021-01-05,33992.4296875,6.319658000613337,1,0.0465,0.8451,0.1053,0.0803,987
2021-01-06,36824.36328125,8.331071417326141,1,0.0568,0.8337,0.1079,0.0731,1232
2021-01-07,39371.04296875,6.91574669750421,1,0.0493,0.8407,0.1099,0.084,1410
2021-01-08,40797.609375,3.62338992996023,0,0.0538,0.8395,0.1061,0.0786,1586
2021-01-09,40254.546875,-1.3311135341493308,0,0.0536,0.8517,0.0947,0.0677,920
2021-01-10,38356.44140625,-4.715257321474942,0,0.0507,0.8463,0.1029,0.0766,670
2021-01-11,35566.65625,-7.273315912449108,0,0.0513,0.8592,0.0888,0.0542,1328
2021-01-12,33922.9609375,-4.621450217153877,1,0.0456,0.8561,0.0967,0.0728,1264
2021-01-13,37316.359375,10.003249550509551,1,0.0506,0.8478,0.1016,0.0733,2440
2021-01-14,39187.328125,5.013803011162588,0,0.047,0.8514,0.1013,0.0783,3192
2021-01-15,36825.3671875,-6.027358971670127,0,0.0532,0.8457,0.1005,0.0647,3637
2021-01-16,36178.140625,-1.7575563040677422,0,0.0452,0.8559,0.0989,0.0793,1379
2021-01-17,35791.27734375,-1.0693288117263444,1,0.0532,0.8639,0.081,0.0329,1051
2021-01-18,36630.07421875,2.343579042859933,0,0.0449,0.8598,0.094,0.0661,1506
2021-01-19,36069.8046875,-1.5295342507474663,0,0.054,0.8541,0.0907,0.0544,3175
2021-01-20,35547.75,-1.4473454791977811,0,0.0564,0.8504,0.0923,0.0508,3037
2021-01-21,30825.69921875,-13.283684006020067,1,0.06,0.8429,0.0947,0.0504,3181
2021-01-22,33005.76171875,7.072224005462169,0,0.0563,0.8384,0.1037,0.0638,6450
2021-01-23,32067.642578125,-2.842289017956734,1,0.0526,0.8414,0.1051,0.0773,3635
2021-01-24,32289.37890625,0.6914643868341619,1,0.0531,0.849,0.0961,0.0625,2733
2021-01-25,32366.392578125,0.2385108493371923,1,0.0521,0.8619,0.085,0.0461,14463
2021-01-26,32569.849609375,0.6286058316783416,0,0.0514,0.8568,0.0898,0.0522,21847
2021-01-27,30432.546875,-6.562212475675022,1,0.0604,0.8522,0.0858,0.0483,69977
2021-01-28,33466.09765625,9.968113394222764,1,0.0741,0.8445,0.0798,0.0078,168562
2021-01-29,34316.38671875,2.540747568580648,0,0.0612,0.8487,0.0887,0.0363,116025
2021-01-30,34269.5234375,-0.1365623998647702,0,0.0569,0.8412,0.1002,0.0605,56476
2021-01-31,33114.359375,-3.3708203284669613,1,0.0551,0.8428,0.1002,0.0645,46509
2021-02-01,33537.17578125,1.2768370405776608,1,0.0666,0.8392,0.0927,0.0363,77119
2021-02-02,35510.2890625,5.883361479570781,1,0.0763,0.8308,0.0915,0.0234,72560
2021-02-03,37472.08984375,5.524598174340745,0,0.0605,0.8386,0.0992,0.0551,36557
2021-02-04,36926.06640625,-1.457147012020921,1,0.0673,0.8344,0.0963,0.0395,32196
2021-02-05,38144.30859375,3.2991388091470286,1,0.0627,0.8398,0.0954,0.045,25620
2021-02-06,39266.01171875,2.9406828078771152,0,0.0528,0.8434,0.1015,0.0668,9038
2021-02-07,38903.44140625,-0.9233693380855112,1,0.0464,0.8507,0.0999,0.0771,6862
2021-02-08,46196.46484375,18.746473766529935,1,0.0456,0.8501,0.1023,0.0785,10014
2021-02-09,46481.10546875,0.6161523959955284,0,0.0478,0.8591,0.0927,0.0626,10753
2021-02-10,44918.18359375,-3.362488605290981,1,0.04,0.8668,0.0911,0.0746,13330
2021-02-11,47909.33203125,6.65910372634968,0,0.0438,0.8653,0.0894,0.064,13724
2021-02-12,47504.8515625,-0.8442623839676311,0,0.0519,0.8561,0.0897,0.0581,8663
2021-02-13,47105.515625,-0.8406213773231364,1,0.0431,0.8558,0.0988,0.0775,3957
2021-02-14,48717.2890625,3.421623595697554,0,0.0428,0.8486,0.1056,0.0827,2992
2021-02-15,47945.05859375,-1.585126109458379,1,0.0474,0.8557,0.0934,0.0606,3168
2021-02-16,49199.87109375,2.617188375203217,1,0.0452,0.8617,0.0917,0.0651,5411
2021-02-17,52149.0078125,5.994196027730325,0,0.0527,0.8507,0.0948,0.0581,5002
2021-02-18,51679.796875,-0.8997504596578998,1,0.0565,0.8395,0.1012,0.0635,6523
2021-02-19,55888.1328125,8.14309690047519,1,0.0531,0.8496,0.096,0.063,5060
2021-02-20,56099.51953125,0.3782318501482029,1,0.0517,0.8429,0.1024,0.0689,2938
2021-02-21,57539.9453125,2.5676258785917394,0,0.0505,0.8479,0.099,0.077,2344
2021-02-22,54207.3203125,-5.791845963531039,0,0.0489,0.851,0.0978,0.0686,3964
2021-02-23,48824.42578125,-9.930198541853995,1,0.0595,0.8353,0.104,0.0626,4203
2021-02-24,49705.33203125,1.8042326886684945,0,0.0541,0.8486,0.0961,0.0592,7651
2021-02-25,47093.8515625,-5.253924200945182,0,0.0575,0.8431,0.0969,0.0584,15517
2021-02-26,46339.76171875,-1.6012490351298148,0,0.0521,0.8444,0.0995,0.0698,8897
2021-02-27,46188.453125,-0.3265200081699504,0,0.0534,0.8384,0.1055,0.0764,3671
2021-02-28,45137.76953125,-2.2747754528746222,1,0.0509,0.8439,0.1035,0.0767,2913
2021-03-01,49631.2421875,9.955017057586456,0,0.046,0.8546,0.0971,0.0747,5066
2021-03-02,48378.98828125,-2.5231161886280384,1,0.0483,0.8552,0.0956,0.0734,6573
2021-03-03,50538.2421875,4.463205996986197,0,0.0501,0.8511,0.0963,0.0687,7321
2021-03-04,48561.16796875,-3.9120359814156846,1,0.0538,0.8427,0.1009,0.0641,6077
2021-03-05,48927.3046875,0.7539701660092213,0,0.0586,0.844,0.0952,0.0537,5355
2021-03-06,48912.3828125,-0.0304980523560538,1,0.0538,0.8409,0.1037,0.0798,2510
2021-03-07,51206.69140625,4.690649814679793,1,0.0511,0.852,0.0955,0.0633,2095
2021-03-08,52246.5234375,2.0306565464276005,1,0.0466,0.8453,0.1067,0.0857,4928
2021-03-09,54824.1171875,4.9335220420617,1,0.0427,0.8472,0.1082,0.097,6883
2021-03-10,56008.55078125,2.160424379838544,1,0.0622,0.8337,0.1012,0.0612,12087
2021-03-11,57805.12109375,3.207671484871621,0,0.0515,0.8481,0.0986,0.0717,6614
2021-03-12,57332.08984375,-0.8183206626845796,1,0.0509,0.8377,0.1088,0.0845,5284
2021-03-13,61243.0859375,6.821652767950437,0,0.049,0.8315,0.1177,0.1019,2750
2021-03-14,59302.31640625,-3.16896103705584,0,0.038,0.8193,0.1399,0.1554,3932
2021-03-15,55907.19921875,-5.725100456855314,1,0.0457,0.8497,0.102,0.0829,4192
2021-03-16,56804.90234375,1.605702194966918,1,0.0497,0.8458,0.1017,0.0802,4734
2021-03-17,58870.89453125,3.6369962842253134,0,0.0432,0.8464,0.1083,0.0962,3916
2021-03-18,57858.921875,-1.7189693893861602,1,0.0504,0.8399,0.1069,0.0876,3667
2021-03-19,58346.65234375,0.8429650137686817,0,0.0572,0.8339,0.1078,0.0714,3677
2021-03-20,58313.64453125,-0.0565719045979462,0,0.0471,0.8428,0.1065,0.0751,1900
2021-03-21,57523.421875,-1.3551247955811196,0,0.0533,0.8384,0.1063,0.0762,1487
2021-03-22,54529.14453125,-5.205318540083804,1,0.0539,0.8362,0.1087,0.0767,2519
2021-03-23,54738.9453125,0.3847498123315862,0,0.0465,0.8548,0.0974,0.0731,3049
2021-03-24,52774.265625,-3.589180749252308,0,0.0581,0.8361,0.1035,0.064,3493
2021-03-25,51704.16015625,-2.027703192222297,1,0.0561,0.8358,0.1061,0.0672,3498
2021-03-26,55137.3125,6.639992475218648,1,0.052,0.8455,0.1008,0.0687,2992
2021-03-27,55973.51171875,1.5165759461888806,0,0.0538,0.8357,0.1073,0.0803,1549
2021-03-28,55950.74609375,-0.0406721399121567,1,0.0477,0.8466,0.1033,0.0997,1247
2021-03-29,57750.19921875,3.216137854506651,1,0.0556,0.8357,0.1069,0.0779,2086
2021-03-30,58917.69140625,2.021624519558274,1,0.0535,0.8373,0.1082,0.0803,2137
2021-03-31,58918.83203125,0.0019359634988669,1,0.053,0.8372,0.1056,0.0732,2173
2021-04-01,59095.80859375,0.3003735077540703,1,0.0463,0.8383,0.1154,0.1014,2598
2021-04-02,59384.3125,0.4881969011259368,0,0.0449,0.8283,0.124,0.1168,1386
2021-04-03,57603.890625,-2.998135029348026,1,0.0411,0.8387,0.1161,0.1087,977
2021-04-04,58758.5546875,2.00448971410081,1,0.0444,0.8373,0.1172,0.1057,892
2021-04-05,59057.87890625,0.5094138552963257,0,0.0428,0.8411,0.1135,0.1109,1584
2021-04-06,58192.359375,-1.4655445594718208,0,0.0384,0.8493,0.1105,0.0958,1598
2021-04-07,56048.9375,-3.6833390122360874,1,0.0423,0.8401,0.1165,0.1075,1710
2021-04-08,58323.953125,4.058980823677527,0,0.0451,0.849,0.1043,0.0855,1924
2021-04-09,58245.00390625,-0.1353632847567731,1,0.0499,0.839,0.1101,0.09,1962
2021-04-10,59793.234375,2.6581343719059625,1,0.0581,0.8314,0.1067,0.0904,1050
2021-04-11,60204.96484375,0.6885903949730876,0,0.0473,0.842,0.1095,0.0898,845
2021-04-12,59893.453125,-0.5174186540237491,1,0.0546,0.8402,0.1046,0.0802,1784
2021-04-13,63503.45703125,6.027376479221824,0,0.0536,0.8384,0.1074,0.0701,1930
2021-04-14,63109.6953125,-0.620063437737306,1,0.0494,0.8558,0.0914,0.0698,2037
2021-04-15,63314.01171875,0.3237480473297971,0,0.0528,0.8328,0.1119,0.0915,2057
2021-04-16,61572.7890625,-2.7501379378466195,0,0.0468,0.8455,0.103,0.0816,2739
2021-04-17,60683.8203125,-1.4437688523377457,0,0.0378,0.836,0.1231,0.1108,1304
2021-04-18,56216.18359375,-7.36215468265391,0,0.0464,0.8526,0.0991,0.0743,1055
2021-04-19,55724.265625,-0.8750468945115109,1,0.0475,0.8411,0.1091,0.0824,1769
2021-04-20,56473.03125,1.3436976092944253,0,0.0465,0.8454,0.106,0.0824,1809
2021-04-21,53906.08984375,-4.545428763840265,0,0.0399,0.8441,0.1154,0.097,1675
2021-04-22,51762.2734375,-3.97694659817468,0,0.0432,0.8512,0.1003,0.0811,1700
2021-04-23,51093.65234375,-1.2917150838772984,0,0.0483,0.8399,0.1086,0.0825,1589
2021-04-24,50050.8671875,-2.040928977310741,0,0.0506,0.8403,0.107,0.0839,951
2021-04-25,49004.25390625,-2.091099195802515,1,0.0386,0.8341,0.1262,0.1138,900
2021-04-26,54021.75390625,10.238907033660748,1,0.034,0.8563,0.1082,0.0968,2107
2021-04-27,55033.1171875,1.8721407731506323,0,0.0403,0.8457,0.1131,0.0974,2431
2021-04-28,54824.703125,-0.3787066282106566,0,0.0426,0.8494,0.1059,0.085,1959
2021-04-29,53555.109375,-2.315733013830157,1,0.0407,0.8489,0.1094,0.0955,1935
2021-04-30,57750.17578125,7.833176806484676,1,0.0453,0.8607,0.0929,0.0677,1779
2021-05-01,57828.05078125,0.134848074393723,0,0.0541,0.8401,0.1058,0.0852,889
2021-05-02,56631.078125,-2.0698824187899145,1,0.0447,0.8486,0.1031,0.0794,841
2021-05-03,57200.29296875,1.0051280367532334,0,0.0481,0.8486,0.1014,0.0723,1593
2021-05-04,53333.5390625,-6.760024652955021,1,0.0492,0.8494,0.1007,0.0746,1562
2021-05-05,57424.0078125,7.669599321369813,0,0.0502,0.8484,0.0973,0.0608,1994
2021-05-06,56396.515625,-1.789307689659958,1,0.0562,0.8454,0.096,0.0589,2616
2021-05-07,57356.40234375,1.7020319573156195,1,0.0458,0.853,0.0982,0.079,1695
2021-05-08,58803.77734375,2.523475916996243,0,0.0459,0.8423,0.1081,0.0884,1070
2021-05-09,58232.31640625,-0.9718099130935132,0,0.0531,0.8501,0.0948,0.0611,969
2021-05-10,55859.796875,-4.074231762821235,1,0.0506,0.8531,0.093,0.0696,1549
2021-05-11,56704.57421875,1.512317249631967,0,0.0558,0.8474,0.0956,0.0625,1728
2021-05-12,49150.53515625,-13.32174549686006,1,0.0493,0.8448,0.1034,0.0782,1621
2021-05-13,49716.19140625,1.1508648851976444,1,0.0545,0.8411,0.1016,0.0693,1796
2021-05-14,49880.53515625,0.330563837155351,0,0.0515,0.842,0.1053,0.0793,1516
2021-05-15,46760.1875,-6.255641898138342,0,0.0527,0.8488,0.0931,0.0635,737
2021-05-16,46456.05859375,-0.6504013831210576,0,0.0296,0.8693,0.0982,0.0898,679
2021-05-17,43537.51171875,-6.282381595309616,0,0.0407,0.8667,0.0918,0.0774,1293
2021-05-18,42909.40234375,-1.4426855146374762,0,0.0526,0.8454,0.1006,0.0643,1378
2021-05-19,37002.44140625,-13.766122609163734,1,0.0503,0.851,0.0958,0.0595,1351
2021-05-20,40782.73828125,10.216344466291028,0,0.0459,0.8536,0.0948,0.0599,1251
2021-05-21,37304.69140625,-8.528232829817227,1,0.0494,0.8461,0.1045,0.0711,1130
2021-05-22,37536.6328125,0.6217486259949112,0,0.0644,0.834,0.0974,0.0634,705
2021-05-23,34770.58203125,-7.36893688644572,1,0.0589,0.8301,0.1059,0.0818,595
2021-05-24,38705.98046875,11.318183957815451,0,0.0432,0.8519,0.1039,0.0782,997
2021-05-25,38402.22265625,-0.7847826326095597,1,0.0407,0.8609,0.0963,0.0827,1443
2021-05-26,39294.19921875,2.322721188521704,0,0.0465,0.8556,0.0961,0.0684,2209
2021-05-27,38436.96875,-2.1815700174415475,0,0.0406,0.847,0.1114,0.1008,3188
2021-05-28,35697.60546875,-7.126897282320166,0,0.0465,0.8461,0.1062,0.0801,3522
2021-05-29,34616.06640625,-3.029724398312339,1,0.0463,0.8419,0.1094,0.0982,1232
2021-05-30,35678.12890625,3.068120125307594,1,0.0414,0.854,0.1005,0.0887,975
2021-05-31,37332.85546875,4.637929771620186,0,0.0489,0.8492,0.0997,0.0818,928
2021-06-01,36684.92578125,-1.7355481635803582,1,0.0373,0.8551,0.1076,0.0902,1940
2021-06-02,37575.1796875,2.426756732611457,1,0.0448,0.841,0.1119,0.0907,6138
2021-06-03,39208.765625,4.347513308215634,0,0.045,0.8576,0.0959,0.0723,7760
2021-06-04,36894.40625,-5.902658087058821,0,0.0461,0.8587,0.0931,0.0764,4484
2021-06-05,35551.95703125,-3.6386253505570334,1,0.0515,0.8469,0.1005,0.0697,1949
2021-06-06,35862.37890625,0.8731498936251025,0,0.049,0.8492,0.0993,0.0727,1609
2021-06-07,33560.70703125,-6.418068028941804,0,0.0365,0.8616,0.1016,0.0988,3484
2021-06-08,33472.6328125,-0.2624325484799517,1,0.0352,0.8499,0.1143,0.1106,6880
2021-06-09,37345.12109375,11.569117681725526,0,0.039,0.8443,0.1154,0.1062,9220
2021-06-10,36702.59765625,-1.720501684509279,1,0.0447,0.8463,0.1088,0.0929,6364
2021-06-11,37334.3984375,1.721406171757467,0,0.0432,0.8442,0.1101,0.1026,4752
2021-06-12,35552.515625,-4.772764225685799,1,0.0425,0.8519,0.1041,0.1004,1989
2021-06-13,39097.859375,9.972131894675185,1,0.0375,0.8581,0.1025,0.1019,1642
2021-06-14,40218.4765625,2.8661855288592664,1,0.036,0.849,0.1144,0.1114,3498
2021-06-15,40406.26953125,0.4669320789865594,0,0.0371,0.8491,0.113,0.1062,3807
2021-06-16,38347.0625,-5.096256237308472,0,0.0425,0.8446,0.1129,0.1051,3312
2021-06-17,38053.50390625,-0.7655308506355651,0,0.0396,0.8447,0.1135,0.103,3211
2021-06-18,35787.24609375,-5.95545108824469,0,0.0432,0.8459,0.1098,0.0979,2682
2021-06-19,35615.87109375,-0.4788717174578294,1,0.0456,0.8421,0.1107,0.0963,1189
2021-06-20,35698.296875,0.2314299179515533,0,0.0458,0.8406,0.1106,0.0866,999
2021-06-21,31676.693359375,-11.26553328218126,1,0.0372,0.8345,0.1265,0.1316,2198
2021-06-22,32505.66015625,2.616961270137308,1,0.0429,0.8364,0.1181,0.1065,2305
2021-06-23,33723.02734375,3.74509295196066,1,0.0451,0.8283,0.1266,0.1108,2368
2021-06-24,34662.4375,2.7856637741157764,0,0.0411,0.8351,0.1225,0.1099,2300
2021-06-25,31637.779296875,-8.72604012088013,1,0.0368,0.8511,0.1112,0.107,2325
2021-06-26,32186.27734375,1.7336806155961115,1,0.0415,0.847,0.1105,0.1116,951
2021-06-27,34649.64453125,7.653470332064803,0,0.0408,0.8408,0.1184,0.104,998
2021-06-28,34434.3359375,-0.6213875976586625,1,0.0377,0.8413,0.1179,0.1112,1968
2021-06-29,35867.77734375,4.162825758718758,0,0.0369,0.8393,0.1224,0.1271,2176
2021-06-30,35040.8359375,-2.305527321430456,0,0.0381,0.8499,0.1109,0.1071,1920
2021-07-01,33572.1171875,-4.191448950075438,1,0.0432,0.8365,0.1173,0.0983,1958
2021-07-02,33897.046875,0.967855812266083,1,0.0424,0.8527,0.1032,0.0933,1772
2021-07-03,34668.546875,2.2760094790705843,1,0.0486,0.8292,0.1137,0.0986,707
2021-07-04,35287.78125,1.7861561294527206,0,0.0418,0.8301,0.1281,0.1291,657
2021-07-05,33746.00390625,-4.369153540221515,1,0.0513,0.8478,0.0995,0.0642,717
2021-07-06,34235.1953125,1.4496276584600176,0,0.0515,0.8403,0.1065,0.0792,1192
2021-07-07,33855.328125,-1.1095808977648836,0,0.0509,0.8213,0.1259,0.0985,1502
2021-07-08,32877.37109375,-2.888635512966242,1,0.0541,0.8362,0.1091,0.0792,1635
2021-07-09,33798.01171875,2.800225791699673,0,0.05,0.8426,0.1074,0.0781,1452
2021-07-10,33520.51953125,-0.8210311003178261,1,0.0418,0.8406,0.1132,0.0855,671
2021-07-11,34240.1875,2.146947537847921,0,0.0401,0.8592,0.099,0.0883,605
2021-07-12,33155.84765625,-3.166863042879076,0,0.0486,0.8505,0.0992,0.0929,1190
2021-07-13,32702.025390625,-1.3687548281983153,1,0.0454,0.8486,0.1053,0.0824,1366
2021-07-14,32822.34765625,0.3679352094793975,0,0.0575,0.8362,0.1063,0.0809,1498
2021-07-15,31780.73046875,-3.1734999531688124,0,0.0506,0.85,0.0994,0.0716,1426
2021-07-16,31421.5390625,-1.1302175908234458,1,0.055,0.8389,0.1051,0.0819,1076
2021-07-17,31533.068359375,0.3549453661488622,1,0.0641,0.8203,0.1155,0.0677,562
2021-07-18,31796.810546875,0.8363987433579023,0,0.052,0.8394,0.1064,0.079,472
2021-07-19,30817.83203125,-3.078857592278905,0,0.0559,0.8363,0.1059,0.0698,1003
2021-07-20,29807.34765625,-3.278895069501786,1,0.0425,0.851,0.1055,0.09,1050
2021-07-21,32110.693359375,7.727442675168827,1,0.0463,0.8437,0.1081,0.0886,1036
2021-07-22,32313.10546875,0.6303573302191001,1,0.0474,0.8331,0.1195,0.1107,993
2021-07-23,33581.55078125,3.925482537500802,1,0.0542,0.844,0.1018,0.0789,1011
2021-07-24,34292.4453125,2.1169199000986128,1,0.053,0.8451,0.0943,0.0623,527
2021-07-25,35350.1875,3.0844758309330533,1,0.0344,0.8666,0.0969,0.0967,479
2021-07-26,37337.53515625,5.621887171744144,1,0.0379,0.8492,0.1118,0.0976,819
2021-07-27,39406.94140625,5.542428661506316,1,0.0463,0.8408,0.1129,0.0762,921
2021-07-28,39995.90625,1.4945713184850051,1,0.0456,0.8403,0.1099,0.0981,955
2021-07-29,40008.421875,0.0312922650677505,1,0.0537,0.8325,0.113,0.0785,1275
2021-07-30,42235.546875,5.566640461246641,0,0.0519,0.848,0.099,0.0662,939
2021-07-31,41626.1953125,-1.4427457617713135,0,0.0613,0.8434,0.0953,0.0377,428
2021-08-01,39974.89453125,-3.966975047450783,0,0.0542,0.8475,0.0983,0.0568,391
2021-08-02,39201.9453125,-1.9335866368471728,0,0.0488,0.8377,0.112,0.0943,665
2021-08-03,38152.98046875,-2.675797936526192,1,0.0458,0.8462,0.1069,0.0951,903
2021-08-04,39747.50390625,4.179289318710056,1,0.0538,0.8325,0.1122,0.0848,1360
2021-08-05,40869.5546875,2.822946527400849,1,0.0393,0.8463,0.1115,0.1129,1384
2021-08-06,42816.5,4.763803587748594,1,0.0452,0.8367,0.1172,0.097,1048
2021-08-07,44555.80078125,4.062220829002827,0,0.0549,0.8449,0.1003,0.08,505
2021-08-08,43798.1171875,-1.7005273846830926,1,0.0387,0.8711,0.0882,0.075,505
2021-08-09,46365.40234375,5.861633606895556,0,0.0431,0.8542,0.1015,0.0788,876
2021-08-10,45585.03125,-1.6830892309838696,1,0.0352,0.8677,0.0962,0.1066,1038
2021-08-11,45593.63671875,0.0188778388739097,0,0.0409,0.8453,0.1129,0.1064,1037
2021-08-12,44428.2890625,-2.555943636254754,1,0.0515,0.8433,0.1026,0.0652,1181
2021-08-13,47793.3203125,7.574073458615982,0,0.055,0.8225,0.1225,0.0952,944
2021-08-14,47096.9453125,-1.457055076832292,0,0.042,0.8484,0.1095,0.1044,541
2021-08-15,47047.00390625,-0.1060395868959784,0,0.0415,0.831,0.1274,0.0981,440
2021-08-16,46004.484375,-2.215910567498447,0,0.043,0.8475,0.1083,0.0907,815
2021-08-17,44695.359375,-2.845646501173293,1,0.0603,0.8199,0.1174,0.0877,834
2021-08-18,44801.1875,0.2367765389513554,1,0.0542,0.8438,0.0998,0.0653,906
2021-08-19,46717.578125,4.277544261522093,1,0.0633,0.8257,0.1089,0.0813,942
2021-08-20,49339.17578125,5.611587247171745,0,0.0536,0.8338,0.1126,0.0771,972
2021-08-21,48905.4921875,-0.8789842693618932,1,0.0579,0.8328,0.107,0.0723,425
2021-08-22,49321.65234375,0.8509476904035029,1,0.0447,0.8509,0.1044,0.0671,408
2021-08-23,49546.1484375,0.4551674225862445,0,0.0516,0.8551,0.0933,0.0669,728
2021-08-24,47706.1171875,-3.7137725293038826,1,0.0443,0.8412,0.1144,0.0917,1096
2021-08-25,48960.7890625,2.630002081428562,0,0.0402,0.8558,0.1041,0.0997,1045
2021-08-26,46942.21875,-4.122830434622349,1,0.0372,0.8605,0.1023,0.0964,891
2021-08-27,49058.66796875,4.508626296557394,0,0.0422,0.8581,0.0989,0.0875,1186
2021-08-28,48902.40234375,-0.3185280633781984,0,0.0389,0.8668,0.0912,0.0972,621
2021-08-29,48829.83203125,-0.148398256572102,0,0.0464,0.8597,0.0939,0.0803,464
2021-08-30,47054.984375,-3.6347609287579297,1,0.0382,0.8666,0.0952,0.0874,950
2021-08-31,47166.6875,0.2373885072616266,1,0.0435,0.8563,0.0981,0.073,979
2021-09-01,48847.02734375,3.562556399047523,1,0.043,0.8496,0.1047,0.0814,1095
2021-09-02,49327.72265625,0.9840830417728652,1,0.0406,0.845,0.1135,0.1051,1109
2021-09-03,50025.375,1.4143210068944922,0,0.0492,0.839,0.1107,0.0813,961
2021-09-04,49944.625,-0.1614180803242382,1,0.0408,0.854,0.1029,0.0978,444
2021-09-05,51753.41015625,3.6215812136941583,1,0.0443,0.8321,0.1236,0.0849,443
2021-09-06,52633.53515625,1.7006125728580734,0,0.0383,0.8307,0.131,0.1235,596
2021-09-07,46811.12890625,-11.06216071695616,0,0.0399,0.8535,0.1056,0.0988,1019
2021-09-08,46091.390625,-1.537536688532848,1,0.0451,0.8409,0.1139,0.1011,954
2021-09-09,46391.421875,0.6509485739778498,0,0.0374,0.8664,0.0951,0.0847,994
2021-09-10,44883.91015625,-3.2495484247323514,1,0.0382,0.8732,0.0865,0.0814,945
2021-09-11,45201.45703125,0.707484873520503,1,0.0355,0.8805,0.084,0.0687,473
2021-09-12,46063.26953125,1.906603363259252,0,0.0276,0.8896,0.0828,0.0784,461
2021-09-13,44963.07421875,-2.3884438158555232,1,0.035,0.8789,0.0861,0.0731,845
2021-09-14,47092.4921875,4.73592610325122,1,0.0422,0.8636,0.0942,0.0724,941
2021-09-15,48176.34765625,2.3015462091804384,0,0.027,0.8872,0.0858,0.0792,1220
2021-09-16,47783.359375,-0.8157286726135138,0,0.0267,0.9037,0.0696,0.0694,1316
2021-09-17,47267.51953125,-1.0795386730801604,1,0.0284,0.8822,0.0871,0.0806,1286
2021-09-18,48278.36328125,2.138558909002408,0,0.0372,0.8909,0.0719,0.0589,530
2021-09-19,47260.21875,-2.1089044077959085,0,0.0298,0.8939,0.0718,0.0638,449
2021-09-20,42843.80078125,-9.344895316951952,0,0.0395,0.8899,0.0707,0.0412,1066
2021-09-21,40693.67578125,-5.01852067461992,1,0.0377,0.8866,0.0715,0.0591,960
2021-09-22,43574.5078125,7.079311406361999,1,0.0276,0.8994,0.0731,0.0614,965
2021-09-23,44895.09765625,3.03064775724482,0,0.0337,0.8794,0.0869,0.0703,1083
2021-09-24,42839.75,-4.578111561282839,0,0.0326,0.8911,0.0763,0.0776,895
2021-09-25,42716.59375,-0.2874812528084303,1,0.0333,0.8916,0.075,0.0687,524
2021-09-26,43208.5390625,1.151649205409777,0,0.0268,0.9029,0.0704,0.08,473
2021-09-27,42235.73046875,-2.251426719942695,0,0.0307,0.8925,0.0757,0.0622,867
2021-09-28,41034.54296875,-2.844007873591181,1,0.0375,0.8871,0.0709,0.0494,885
2021-09-29,41564.36328125,1.2911568502261384,1,0.0426,0.8819,0.0755,0.0403,1052
2021-09-30,43790.89453125,5.356827518164842,1,0.0418,0.8879,0.0703,0.0553,1024
2021-10-01,48116.94140625,9.87887304268893,0,0.0416,0.8809,0.0764,0.0635,902
2021-10-02,47711.48828125,-0.8426411013467638,1,0.0388,0.8866,0.0699,0.0503,430
2021-10-03,48199.953125,1.0237887379882071,1,0.0335,0.9101,0.0545,0.0408,510
2021-10-04,49112.90234375,1.89408735809844,1,0.0432,0.8889,0.0679,0.0393,1058
2021-10-05,51514.8125,4.890588911725469,1,0.0391,0.884,0.0748,0.0555,950
2021-10-06,55361.44921875,7.46704982911468,0,0.0303,0.8975,0.0711,0.0512,954
2021-10-07,53805.984375,-2.809653406297008,1,0.0309,0.901,0.0681,0.0578,913
2021-10-08,53967.84765625,0.3008276553810418,1,0.0282,0.9037,0.067,0.0583,842
2021-10-09,54968.22265625,1.853649985027972,0,0.0303,0.8768,0.0881,0.0881,420
2021-10-10,54771.578125,-0.3577422040362044,1,0.0322,0.8842,0.0814,0.0525,441
2021-10-11,57484.7890625,4.953684064585273,0,0.0306,0.8935,0.0746,0.0709,775
2021-10-12,56041.05859375,-2.5114999851183484,1,0.0378,0.875,0.0859,0.0613,789
2021-10-13,57401.09765625,2.426861834211813,0,0.0427,0.883,0.0719,0.045,835
2021-10-14,57321.5234375,-0.1386283921372633,1,0.0375,0.8822,0.0791,0.0521,854
2021-10-15,61593.94921875,7.453440740995654,0,0.039,0.878,0.083,0.0677,784
2021-10-16,60892.1796875,-1.139348166745524,1,0.04,0.885,0.075,0.0511,421
2021-10-17,61553.6171875,1.086243756414218,1,0.022,0.9048,0.0731,0.075,357
2021-10-18,62026.078125,0.7675599893030238,1,0.0285,0.8979,0.0736,0.0578,784
2021-10-19,64261.9921875,3.6047967727284025,1,0.0286,0.8895,0.0818,0.0789,951
2021-10-20,65992.8359375,2.693417510228824,0,0.0313,0.8942,0.0734,0.0619,845
2021-10-21,62210.171875,-5.731931366129583,0,0.0323,0.8873,0.0804,0.0641,1070
2021-10-22,60692.265625,-2.439964726427624,1,0.0316,0.889,0.0793,0.0667,1308
2021-10-23,61393.6171875,1.1555863919028075,0,0.0349,0.8732,0.0884,0.0632,582
2021-10-24,60930.8359375,-0.7537937512081094,1,0.03,0.8953,0.0747,0.0692,535
2021-10-25,63039.82421875,3.46128236844363,0,0.0273,0.8967,0.076,0.0653,1278
2021-10-26,60363.79296875,-4.244985266320056,0,0.0288,0.8965,0.074,0.0681,1501
2021-10-27,58482.38671875,-3.116779376295975,1,0.0285,0.9076,0.0624,0.0602,1298
2021-10-28,60622.13671875,3.658793903693369,1,0.035,0.8795,0.0823,0.0662,1265
2021-10-29,62227.96484375,2.648913766352501,0,0.033,0.8818,0.0851,0.0834,1187
2021-10-30,61888.83203125,-0.5449845794435637,0,0.0172,0.9083,0.0731,0.0755,714
2021-10-31,61318.95703125,-0.9208042570786446,0,0.0417,0.8682,0.0901,0.0498,573
2021-11-01,61004.40625,-0.5129747739996526,1,0.0298,0.8833,0.085,0.0819,995
2021-11-02,63226.40234375,3.642353446805324,0,0.0385,0.8856,0.0759,0.0597,1349
2021-11-03,62970.046875,-0.4054563588107407,0,0.0297,0.8975,0.0728,0.066,1471
2021-11-04,61452.23046875,-2.4103783966732184,0,0.0365,0.8747,0.0867,0.0688,1521
2021-11-05,61125.67578125,-0.5313959884109654,1,0.0304,0.876,0.0921,0.0803,1300
2021-11-06,61527.48046875,0.6573419146120196,1,0.0287,0.8982,0.0692,0.061,759
2021-11-07,63326.98828125,2.924722089691256,1,0.032,0.8894,0.0771,0.061,670
2021-11-08,67566.828125,6.695154718111462,0,0.0362,0.8663,0.0951,0.0861,1276
2021-11-09,66971.828125,-0.8806096371717143,0,0.0376,0.8647,0.097,0.0856,1453
2021-11-10,64995.23046875,-2.9513867421399387,0,0.0452,0.8641,0.0899,0.0527,1264
2021-11-11,64949.9609375,-0.0696505434683691,0,0.0366,0.8741,0.0893,0.0806,1238
2021-11-12,64155.94140625,-1.222509636324598,1,0.0353,0.8787,0.0861,0.0747,1171
2021-11-13,64469.52734375,0.488787056391704,1,0.0202,0.8791,0.1007,0.1146,675
2021-11-14,65466.83984375,1.5469517787564335,0,0.0416,0.881,0.072,0.0718,556
2021-11-15,63557.87109375,-2.915932332393234,0,0.0318,0.8766,0.0916,0.0912,933
2021-11-16,60161.24609375,-5.344145330150951,1,0.0424,0.8716,0.085,0.0686,1010
2021-11-17,60368.01171875,0.3436857419438999,0,0.0363,0.8769,0.0849,0.0707,1077
2021-11-18,56942.13671875,-5.674983989800575,1,0.0476,0.8571,0.0935,0.0764,1088
2021-11-19,58119.578125,2.0677857806173483,1,0.0413,0.8739,0.0848,0.0579,1100
2021-11-20,59697.1953125,2.714433308698428,0,0.0429,0.8736,0.0802,0.0643,602
2021-11-21,58730.4765625,-1.619370466132397,0,0.0356,0.8769,0.0853,0.0704,475
2021-11-22,56289.2890625,-4.1565940596482776,1,0.0327,0.8853,0.0788,0.0771,960
2021-11-23,57569.07421875,2.273585574742309,0,0.0462,0.8599,0.0928,0.0765,958
2021-11-24,56280.42578125,-2.238438701660228,1,0.0304,0.8852,0.0844,0.0796,903
2021-11-25,57274.6796875,1.7666069374003168,0,0.0302,0.8783,0.0915,0.0864,219
2021-11-26,53569.765625,-6.468677053655503,1,0.0371,0.884,0.0775,0.057,743
2021-11-27,54815.078125,2.324655494514305,1,0.0425,0.8698,0.0857,0.0681,510
2021-11-28,57248.45703125,4.43925100444249,1,0.0364,0.8915,0.07,0.0448,466
2021-11-29,57806.56640625,0.9748898117819094,0,0.0338,0.8712,0.0936,0.0874,716
2021-11-30,57005.42578125,-1.3858989986877734,1,0.0412,0.8685,0.0903,0.0646,906
2021-12-01,57229.828125,0.3936508510805847,0,0.0481,0.8682,0.0806,0.0502,958
2021-12-02,56477.81640625,-1.3140205787574133,0,0.0506,0.8563,0.0881,0.0542,985
2021-12-03,53598.24609375,-5.0985864817913455,0,0.0387,0.87,0.0877,0.0645,1108
2021-12-04,49200.703125,-8.204639683653358,1,0.0517,0.8737,0.0746,0.0438,551
2021-12-05,49368.84765625,0.3417522933012007,1,0.0528,0.879,0.0681,0.0301,433
2021-12-06,50582.625,2.458589579002135,1,0.0395,0.8837,0.0755,0.0482,768
2021-12-07,50700.0859375,0.2322159783127109,0,0.0331,0.8831,0.0812,0.0775,744
2021-12-08,50504.796875,-0.385184874717448,0,0.0398,0.8866,0.0711,0.0469,825
2021-12-09,47672.12109375,-5.608726213196958,0,0.0404,0.8624,0.095,0.0763,891
2021-12-10,47243.3046875,-0.899511908452133,1,0.0362,0.8704,0.0935,0.0682,958
2021-12-11,49362.5078125,4.4857216044006165,1,0.0378,0.8677,0.0927,0.079,550
2021-12-12,50098.3359375,1.4906619570362878,0,0.0383,0.8838,0.0779,0.0427,462
2021-12-13,46737.48046875,-6.70851717099511,0,0.0533,0.8643,0.0781,0.0324,698
2021-12-14,46612.6328125,-0.267125345649466,1,0.063,0.8553,0.0817,0.0377,840
2021-12-15,48896.72265625,4.900151967252708,0,0.0515,0.8595,0.0869,0.0502,927
2021-12-16,47665.42578125,-2.518158289781846,0,0.0424,0.8626,0.0903,0.0693,853
2021-12-17,46202.14453125,-3.0699007215741814,1,0.0512,0.8478,0.0981,0.0585,697
2021-12-18,46848.77734375,1.3995731563123393,0,0.033,0.8613,0.101,0.0943,632
2021-12-19,46707.015625,-0.3025942762813871,1,0.032,0.874,0.0913,0.0806,376
2021-12-20,46880.27734375,0.3709543768351198,1,0.0401,0.883,0.0739,0.0421,681
2021-12-21,48936.61328125,4.386356169401262,0,0.0466,0.8716,0.0818,0.0802,636
2021-12-22,48628.51171875,-0.6295931447672265,1,0.0423,0.8647,0.0899,0.0625,630
2021-12-23,50784.5390625,4.433669194360079,1,0.0549,0.8498,0.0925,0.0658,700
2021-12-24,50822.1953125,0.0741490435773206,0,0.0535,0.8311,0.1154,0.0988,402
2021-12-25,50429.859375,-0.7719775485643066,1,0.0344,0.8517,0.114,0.1182,297
2021-12-26,50809.515625,0.752840191714288,0,0.0453,0.851,0.1007,0.0726,335
2021-12-27,50640.41796875,-0.3328070621613999,0,0.0333,0.8554,0.1028,0.0892,592
2021-12-28,47588.85546875,-6.025942562091624,0,0.0457,0.8741,0.0785,0.0556,601
2021-12-29,46444.7109375,-2.404227880624954,1,0.0364,0.8885,0.0736,0.0627,732
2021-12-30,47178.125,1.579112126431248,0,0.0405,0.8635,0.0945,0.079,708
2021-12-31,46306.4453125,-1.8476352917798256,1,0.0442,0.866,0.0898,0.0707,664
2022-01-01,47686.8125,2.9809396471367267,0,0.0388,0.8681,0.0931,0.0849,453
2022-01-02,47345.21875,-0.7163274962024402,0,0.0439,0.8787,0.0711,0.0532,472
2022-01-03,46458.1171875,-1.87368774698079,0,0.0356,0.8577,0.1066,0.0983,764
2022-01-04,45897.57421875,-1.2065555013512697,0,0.0353,0.8699,0.0948,0.0907,816
2022-01-05,43569.00390625,-5.073406061509756,0,0.0395,0.8724,0.086,0.0713,928
2022-01-06,43160.9296875,-0.9366159015892994,0,0.0431,0.8751,0.08,0.0578,1057
2022-01-07,41557.90234375,-3.714070469186992,1,0.0372,0.8782,0.0837,0.0618,1160
2022-01-08,41733.94140625,0.4235994902819673,1,0.0481,0.863,0.085,0.0531,516
2022-01-09,41911.6015625,0.4256970472081844,0,0.0502,0.8575,0.0886,0.0619,531
2022-01-10,41821.26171875,-0.215548536400556,1,0.051,0.8633,0.0857,0.0572,814
2022-01-11,42735.85546875,2.1869109453241498,1,0.0494,0.87,0.0793,0.0558,805
2022-01-12,43949.1015625,2.8389418684672707,0,0.0449,0.8547,0.0958,0.0684,874
2022-01-13,42591.5703125,-3.0888714484173407,1,0.0484,0.8593,0.0874,0.0444,805
2022-01-14,43099.69921875,1.1930269358978671,1,0.0499,0.8656,0.0823,0.0456,883
2022-01-15,43177.3984375,0.1802778677309158,0,0.0416,0.8553,0.1007,0.075,427
2022-01-16,43113.87890625,-0.1471129191397358,0,0.0378,0.8874,0.0748,0.0604,364
2022-01-17,42250.55078125,-2.0024366790964976,1,0.0371,0.8722,0.0887,0.0692,494
2022-01-18,42375.6328125,0.2960482856131374,0,0.048,0.868,0.083,0.0493,937
2022-01-19,41744.328125,-1.489782324415878,0,0.051,0.8713,0.0765,0.0436,883
2022-01-20,40680.41796875,-2.548634039729203,0,0.051,0.8681,0.0809,0.0467,918
2022-01-21,36457.31640625,-10.381165615712485,0,0.0592,0.8638,0.0729,0.0252,1205
2022-01-22,35030.25,-3.914348468076912,1,0.0497,0.8534,0.0941,0.0534,716
2022-01-23,36276.8046875,3.558509252717301,1,0.0618,0.8536,0.0811,0.025,569
2022-01-24,36654.328125,1.0406744495611076,1,0.0544,0.8667,0.0758,0.0316,1248
2022-01-25,36954.00390625,0.8175727030871549,0,0.056,0.8495,0.0917,0.0484,1076
2022-01-26,36852.12109375,-0.2757016878562668,1,0.0548,0.8635,0.0808,0.0305,1096
2022-01-27,37138.234375,0.7763821260712289,1,0.0548,0.864,0.0794,0.0385,1098
2022-01-28,37784.33203125,1.7397102127314046,1,0.0536,0.8637,0.0827,0.0403,1048
2022-01-29,38138.1796875,0.936493083845824,0,0.0385,0.8758,0.0837,0.0587,485
2022-01-30,37917.6015625,-0.5783656346668664,1,0.0588,0.8622,0.0766,0.0168,408
2022-01-31,38483.125,1.491453610450133,1,0.037,0.8721,0.0858,0.0723,399
2022-02-01,38743.2734375,0.676006528835682,0,0.0364,0.8886,0.0749,0.0508,399
2022-02-02,36952.984375,-4.620902943031036,1,0.0433,0.8671,0.0896,0.0551,477
2022-02-03,37154.6015625,0.5456046132945147,1,0.0461,0.8787,0.0752,0.0363,673
2022-02-04,41500.875,11.6978066100073,0,0.0558,0.8444,0.0969,0.0526,687
2022-02-05,41441.1640625,-0.1438787435204647,1,0.0438,0.8676,0.0886,0.0728,561
2022-02-06,42412.43359375,2.3437312952531157,1,0.0298,0.8749,0.0953,0.0884,247
2022-02-07,43840.28515625,3.3665872045371525,1,0.0397,0.8699,0.0905,0.0566,398
2022-02-08,44118.4453125,0.6344852805099555,1,0.0449,0.8678,0.0859,0.0638,676
2022-02-09,44338.796875,0.4994545046617338,0,0.0497,0.8575,0.0901,0.0642,742
2022-02-10,43565.11328125,-1.7449359213132731,0,0.0479,0.8769,0.0738,0.0388,721
2022-02-11,42407.9375,-2.656198260703335,0,0.0528,0.8678,0.078,0.0432,725
2022-02-12,42244.46875,-0.3854673432302613,0,0.0559,0.8629,0.0812,0.0435,512
2022-02-13,42197.515625,-0.1111462077505676,1,0.0357,0.8915,0.0728,0.0581,463
2022-02-14,42586.91796875,0.9228086961576842,1,0.0606,0.8556,0.0815,0.031,442
2022-02-15,44575.203125,4.668769779745485,0,0.0608,0.8784,0.0608,0.0007,591
2022-02-16,43961.859375,-1.37597522164965,0,0.045,0.8688,0.0863,0.0483,664
2022-02-17,40538.01171875,-7.788223029977336,0,0.0553,0.8687,0.076,0.0324,734
2022-02-18,40030.9765625,-1.2507647384577658,1,0.0441,0.8639,0.0877,0.0545,701
2022-02-19,40122.15625,0.2277728282687352,0,0.0629,0.8683,0.0666,0.0124,456
2022-02-20,38431.37890625,-4.214073972532317,0,0.0533,0.8599,0.0843,0.0459,396
2022-02-21,37075.28125,-3.5286208687907883,1,0.0534,0.8864,0.0602,0.0008,444
2022-02-22,38286.02734375,3.2656423712227323,0,0.0556,0.8557,0.0887,0.0452,596
2022-02-23,37296.5703125,-2.584381561362292,1,0.0588,0.853,0.0851,0.0245,646
2022-02-24,38332.609375,2.7778400368163814,1,0.0653,0.8623,0.0707,0.0094,1131
2022-02-25,39214.21875,2.2998939789759643,0,0.0551,0.8688,0.0745,0.0172,601
2022-02-26,39105.1484375,-0.2781397053842838,0,0.0627,0.8277,0.1049,0.0454,431
2022-02-27,37709.78515625,-3.568234201898368,1,0.0425,0.8858,0.0693,0.0326,427
2022-02-28,43193.234375,14.541183928864609,1,0.0466,0.8784,0.075,0.0334,642
2022-03-01,44354.63671875,2.6888524570001016,0,0.0461,0.8761,0.0778,0.0373,608
2022-03-02,43924.1171875,-0.9706302725009276,0,0.0506,0.8681,0.0813,0.0312,558
2022-03-03,42451.7890625,-3.351981142193561,0,0.0486,0.8778,0.0736,0.0263,619
2022-03-04,39137.60546875,-7.806935036049167,1,0.048,0.8752,0.0753,0.0369,660
2022-03-05,39400.5859375,0.671938064683042,0,0.0532,0.8663,0.0805,0.038,468
2022-03-06,38419.984375,-2.4887994408395286,0,0.0563,0.8629,0.0725,0.027,363
2022-03-07,38062.0390625,-0.9316643885282638,1,0.044,0.8605,0.0927,0.0516,705
2022-03-08,38737.26953125,1.7740259990833174,1,0.0372,0.8891,0.0737,0.0335,746
2022-03-09,41982.92578125,8.378639716414904,0,0.0563,0.8585,0.0853,0.0162,555
2022-03-10,39437.4609375,-6.063095404577135,0,0.0438,0.8792,0.077,0.0441,488
2022-03-11,38794.97265625,-1.6291319622939393,1,0.0544,0.8745,0.0711,0.0221,514
2022-03-12,38904.01171875,0.2810649293818468,0,0.0505,0.8813,0.0682,0.0126,391
2022-03-13,37849.6640625,-2.7101257933814904,1,0.0502,0.8688,0.081,0.0311,339
2022-03-14,39666.75390625,4.80080837903738,0,0.0471,0.8751,0.0778,0.0389,507
2022-03-15,39338.78515625,-0.8268101563720931,1,0.0544,0.8667,0.0771,0.0408,548
2022-03-16,41143.9296875,4.588714481344902,0,0.0529,0.8642,0.0813,0.0359,630
2022-03-17,40951.37890625,-0.467993171076464,1,0.0507,0.8708,0.0749,0.0473,547
2022-03-18,41801.15625,2.0750884742987363,1,0.0546,0.8531,0.0923,0.0483,612
2022-03-19,42190.65234375,0.9317830622209256,0,0.0403,0.8754,0.0843,0.064,415
2022-03-20,41247.82421875,-2.2346848712323064,0,0.0388,0.8818,0.076,0.0513,291
2022-03-21,41077.99609375,-0.4117262624553253,1,0.0362,0.871,0.0885,0.075,469
2022-03-22,42358.80859375,3.118001416322436,1,0.0352,0.8593,0.1024,0.0998,655
2022-03-23,42892.95703125,1.261009115300782,1,0.0302,0.8946,0.074,0.0608,838
2022-03-24,43960.93359375,2.4898646221148013,1,0.0444,0.868,0.0846,0.0534,654
2022-03-25,44348.73046875,0.8821397620525806,1,0.036,0.8889,0.0736,0.0655,690
2022-03-26,44500.828125,0.3429583093865096,1,0.043,0.8834,0.0714,0.0545,473
2022-03-27,46820.4921875,5.212631225612729,1,0.049,0.8378,0.1103,0.0943,352
2022-03-28,47128.00390625,0.65678873583499,1,0.0335,0.8806,0.0846,0.0687,787
2022-03-29,47465.73046875,0.7166154611000009,0,0.041,0.8782,0.0807,0.0556,908
2022-03-30,47062.6640625,-0.8491735032190584,0,0.0451,0.8746,0.0786,0.048,618
2022-03-31,45538.67578125,-3.2382108229702333,1,0.0394,0.8668,0.0938,0.0895,691
2022-04-01,46281.64453125,1.6315115388267687,0,0.0606,0.8493,0.0864,0.0351,822
2022-04-02,45868.94921875,-0.8917040798352427,1,0.0513,0.8779,0.0687,0.0385,478
2022-04-03,46453.56640625,1.2745379989237415,1,0.0387,0.8816,0.0797,0.0539,351
2022-04-04,46622.67578125,0.3640395949819908,0,0.0481,0.8786,0.0733,0.0534,592
2022-04-05,45555.9921875,-2.287907280900814,0,0.0367,0.8637,0.0946,0.0838,599
2022-04-06,43206.73828125,-5.156849392240015,1,0.0407,0.8827,0.0749,0.0487,560
2022-04-07,43503.84765625,0.6876459247305178,0,0.0537,0.8668,0.0795,0.0296,641
2022-04-08,42287.6640625,-2.795577079433975,1,0.0473,0.8528,0.0963,0.0648,548
2022-04-09,42782.13671875,1.1693070951357851,0,0.0366,0.8687,0.0948,0.0866,311
2022-04-10,42207.671875,-1.3427680050824398,0,0.036,0.8711,0.0928,0.0846,312
2022-04-11,39521.90234375,-6.3632259538124565,1,0.0431,0.8746,0.0823,0.0582,584
2022-04-12,40127.18359375,1.5315083892861292,1,0.0378,0.8946,0.066,0.0378,632
2022-04-13,41166.73046875,2.590630046515185,0,0.0488,0.865,0.0829,0.0523,607
2022-04-14,39935.515625,-2.9908006531745968,1,0.0407,0.8905,0.0689,0.0445,664
2022-04-15,40553.46484375,1.5473675726454417,0,0.0573,0.862,0.0782,0.0312,408
2022-04-16,40424.484375,-0.3180504286056762,0,0.0475,0.9012,0.0513,0.0232,288
2022-04-17,39716.953125,-1.7502542356175654,1,0.0526,0.8708,0.0766,0.0442,322
2022-04-18,40826.21484375,2.7929174608607443,1,0.0488,0.8694,0.0799,0.0554,499
2022-04-19,41502.75,1.6571096753378534,0,0.0502,0.8497,0.0983,0.0452,582
2022-04-20,41374.37890625,-0.3093074404708074,0,0.0455,0.8701,0.0833,0.0636,902
2022-04-21,40527.36328125,-2.04719840488542,0,0.0606,0.8538,0.0832,0.0103,827
2022-04-22,39740.3203125,-1.942003883371624,0,0.0485,0.8783,0.0704,0.0221,709
2022-04-23,39486.73046875,-0.63811726165236,0,0.0417,0.8815,0.0768,0.0531,488
2022-04-24,39469.29296875,-0.0441604047562216,1,0.0533,0.8914,0.0553,0.0131,358
2022-04-25,40458.30859375,2.505785005530892,0,0.0445,0.8772,0.0758,0.041,796
2022-04-26,38117.4609375,-5.785826787162362,1,0.0507,0.8754,0.0739,0.03,885
2022-04-27,39241.12109375,2.9478882606909007,1,0.0598,0.8659,0.0708,0.0142,869
2022-04-28,39773.828125,1.3575224570606004,0,0.0555,0.8602,0.081,0.035,916
2022-04-29,38609.82421875,-2.926557389929385,0,0.0558,0.8466,0.0963,0.0576,742
2022-04-30,37714.875,-2.317931347419566,1,0.0388,0.8783,0.0829,0.0514,473
2022-05-01,38469.09375,1.9997911964443784,1,0.0448,0.8753,0.0754,0.0451,438
2022-05-02,38529.328125,0.1565786170879102,0,0.0533,0.8732,0.0706,0.0394,680
2022-05-03,37750.453125,-2.021512021889172,1,0.0505,0.8786,0.0709,0.0289,629
2022-05-04,39698.37109375,5.1599856624237495,0,0.0498,0.859,0.0881,0.0466,654
2022-05-05,36575.140625,-7.867402068901796,0,0.0465,0.8732,0.0779,0.03,865
2022-05-06,36040.921875,-1.4606061408683924,0,0.058,0.8711,0.0709,0.019,722
2022-05-07,35501.953125,-1.4954355270636377,0,0.0464,0.8662,0.0873,0.0659,420
2022-05-08,34059.265625,-4.063684876492268,0,0.0632,0.848,0.0795,0.0468,324
2022-05-09,30296.953125,-11.046369999353145,1,0.0552,0.8678,0.0738,0.032,948
2022-05-10,31022.90625,2.396125848050934,0,0.0528,0.8668,0.0781,0.0248,869
2022-05-11,28936.35546875,-6.725839173272163,1,0.0577,0.8645,0.0759,0.0317,1038
2022-05-12,29047.751953125,0.3849706798608521,1,0.0621,0.8554,0.0791,0.0275,1158
2022-05-13,29283.103515625,0.8102229834508146,1,0.0533,0.873,0.0737,0.0293,796
2022-05-14,30101.265625,2.793973353741141,1,0.0441,0.8529,0.1009,0.0615,470
2022-05-15,31305.11328125,3.999325713567892,0,0.0438,0.8709,0.0853,0.0676,387
2022-05-16,29862.91796875,-4.606900155712879,1,0.0447,0.887,0.0663,0.0151,515
2022-05-17,30425.857421875,1.8850785235190013,0,0.0408,0.8832,0.0725,0.0518,591
2022-05-18,28720.271484375,-5.605711989808215,1,0.0521,0.8603,0.0854,0.0374,912
2022-05-19,30314.333984375,5.550304428240649,0,0.0539,0.8736,0.0725,0.0099,834
2022-05-20,29200.740234375,-3.673489084648807,1,0.0671,0.8476,0.0807,0.0162,853
2022-05-21,29432.2265625,0.7927413013061102,1,0.04,0.8765,0.0815,0.0477,499
2022-05-22,30323.72265625,3.028979448282265,0,0.0644,0.854,0.0816,0.024,369
2022-05-23,29098.91015625,-4.039123144227663,1,0.0483,0.874,0.076,0.0349,616
2022-05-24,29655.5859375,1.9130468401079792,0,0.0543,0.8672,0.0785,0.0231,653
2022-05-25,29562.361328125,-0.3143576713387941,0,0.0474,0.8543,0.0983,0.065,625
2022-05-26,29267.224609375,-0.9983529917456656,0,0.0438,0.8605,0.0957,0.1007,630
2022-05-27,28627.57421875,-2.185551924250806,1,0.0395,0.8746,0.0859,0.0559,503
2022-05-28,28814.900390625,0.6543557286537771,1,0.0548,0.8567,0.0885,0.0397,325
2022-05-29,29445.95703125,2.190035821988534,1,0.0458,0.8607,0.0904,0.059,315
2022-05-30,31726.390625,7.744470968730455,1,0.0572,0.8468,0.0923,0.0535,269
2022-05-31,31792.310546875,0.2077763041316682,0,0.0536,0.8466,0.0928,0.0528,431
2022-06-01,29799.080078125,-6.269536357891181,1,0.0442,0.8816,0.0741,0.0317,369
2022-06-02,30467.48828125,2.243049790035867,0,0.0534,0.8419,0.1047,0.0517,575
2022-06-03,29704.390625,-2.504629358369581,1,0.0396,0.8813,0.0773,0.0494,543
2022-06-04,29832.9140625,0.4326748833952898,1,0.0735,0.8435,0.076,0.0198,285
2022-06-05,29906.662109375,0.247203631266113,1,0.0654,0.8625,0.0688,0.0209,301
2022-06-06,31370.671875,4.895263002841332,0,0.0688,0.8458,0.0831,0.023,439
2022-06-07,31155.478515625,-0.6859698773187373,0,0.047,0.8839,0.067,0.043,461
2022-06-08,30214.35546875,-3.020730515832104,0,0.0445,0.8802,0.0671,0.0312,492
2022-06-09,30111.998046875,-0.3387708269364409,0,0.049,0.8695,0.0816,0.0351,500
2022-06-10,29083.8046875,-3.414563715680452,0,0.0509,0.8726,0.0738,0.0321,728
2022-06-11,28360.810546875,-2.4858994495164377,0,0.04,0.8889,0.0668,0.0343,465
2022-06-12,26762.6484375,-5.635107313782672,0,0.0549,0.8779,0.0672,0.0039,405
2022-06-13,22487.388671875,-15.974726027617203,0,0.0515,0.8736,0.0727,0.0305,898
2022-06-14,22206.79296875,-1.247791405304166,1,0.05,0.8845,0.0629,0.0192,739
2022-06-15,22572.83984375,1.6483554177098458,0,0.0518,0.8697,0.0743,0.0347,709
2022-06-16,20381.650390625,-9.707194434960298,1,0.0558,0.8654,0.0775,0.0228,798
2022-06-17,20471.482421875,0.4407495444594733,0,0.0555,0.8747,0.0669,0.0255,667
2022-06-18,19017.642578125,-7.101780974085614,1,0.0516,0.8814,0.067,0.0225,440
2022-06-19,20553.271484375,8.07475952890373,1,0.0449,0.8798,0.0753,0.0364,378
2022-06-20,20599.537109375,0.2251010260589048,1,0.0601,0.875,0.065,0.0134,405
2022-06-21,20710.59765625,0.539140983048858,0,0.0516,0.8593,0.0853,0.0561,528
2022-06-22,19987.029296875,-3.493710666319872,1,0.0612,0.8519,0.0836,0.019,611
2022-06-23,21085.876953125,5.497803800296652,1,0.0563,0.8566,0.0871,0.0394,609
2022-06-24,21231.65625,0.6913598955313738,1,0.0473,0.8805,0.0704,0.0414,547
2022-06-25,21502.337890625,1.2748964915301864,0,0.0448,0.8776,0.0745,0.0408,338
2022-06-26,21027.294921875,-2.209261947079333,0,0.063,0.8665,0.0705,0.0352,304
2022-06-27,20735.478515625,-1.3877981325425726,0,0.0629,0.864,0.0731,0.0254,412
2022-06-28,20280.634765625,-2.193553187871977,0,0.0584,0.8672,0.0721,0.0198,421
2022-06-29,20104.0234375,-0.8708372798288844,0,0.0552,0.8763,0.0666,0.0245,510
2022-06-30,19784.7265625,-1.588223750298734,0,0.0478,0.8751,0.0716,0.0192,543
2022-07-01,19269.3671875,-2.604834458398897,0,0.0542,0.8651,0.0785,0.0427,468
2022-07-02,19242.255859375,-0.1406965151537931,1,0.0553,0.8816,0.0631,0.0073,333
2022-07-03,19297.076171875,0.2848954556089245,1,0.0556,0.8625,0.0819,0.0466,268
2022-07-04,20231.26171875,4.841073013105235,0,0.0502,0.8703,0.076,0.0308,285
2022-07-05,20190.115234375,-0.2033807132101217,1,0.0599,0.8642,0.0733,0.0211,393
2022-07-06,20548.24609375,1.7737930428710855,1,0.0364,0.9099,0.0537,0.0117,517
2022-07-07,21637.587890625,5.301385782051415,1,0.0461,0.8932,0.059,0.0056,596
2022-07-08,21731.1171875,0.4322538045727464,0,0.046,0.8793,0.0708,0.0406,510
2022-07-09,21592.20703125,-0.6392223420980114,0,0.046,0.855,0.0961,0.0656,349
2022-07-10,20860.44921875,-3.388990349346599,0,0.0348,0.8972,0.0584,0.0296,314
2022-07-11,19970.556640625,-4.265931997884009,0,0.0513,0.8675,0.0812,0.055,479
2022-07-12,19323.9140625,-3.237979740682695,1,0.0547,0.8774,0.0643,0.0216,551
2022-07-13,20212.07421875,4.596171114078618,1,0.0533,0.8803,0.0634,0.0234,670
2022-07-14,20569.919921875,1.770455121291015,1,0.0477,0.8837,0.0686,0.0233,577
2022-07-15,20836.328125,1.2951348577769028,1,0.0619,0.8551,0.0788,0.0286,474
2022-07-16,21190.31640625,1.6988995331921108,0,0.0442,0.8772,0.0761,0.046,398
2022-07-17,20779.34375,-1.939436147960416,1,0.0372,0.8941,0.0657,0.0559,335
2022-07-18,22485.689453125,8.211740099467768,1,0.0481,0.8811,0.0708,0.0255,533
2022-07-19,23389.43359375,4.01919693193753,0,0.0477,0.8724,0.078,0.0433,546
2022-07-20,23231.732421875,-0.6742410894342465,0,0.0517,0.858,0.0903,0.0536,655
2022-07-21,23164.62890625,-0.2888442170667193,0,0.0528,0.8706,0.0766,0.044,634
2022-07-22,22714.978515625,-1.941107679491816,0,0.051,0.8829,0.0645,0.0231,635
2022-07-23,22465.478515625,-1.0983941711781742,1,0.0549,0.8593,0.0826,0.016,312
2022-07-24,22609.1640625,0.6395837363315726,0,0.0561,0.8622,0.0725,0.0431,328
2022-07-25,21361.701171875,-5.517510011323534,0,0.0443,0.8903,0.0616,0.0268,522
2022-07-26,21239.75390625,-0.5708686992848544,1,0.0683,0.8685,0.0631,0.0059,558
2022-07-27,22930.548828125,7.960520302344309,1,0.0584,0.8652,0.0748,0.0234,604
2022-07-28,23843.88671875,3.98306162434614,0,0.0574,0.8717,0.0694,0.0209,713
2022-07-29,23804.6328125,-0.1646288070104473,0,0.0725,0.8535,0.0726,-0.0064,685
2022-07-30,23656.20703125,-0.6235163651508224,0,0.0526,0.8831,0.0568,0.0175,401
2022-07-31,23336.896484375,-1.34979604487393,0,0.0477,0.8862,0.0661,0.0348,315
2022-08-01,23314.19921875,-0.0972591434349356,0,0.0462,0.8674,0.0847,0.0503,586
2022-08-02,22978.1171875,-1.4415336683737068,0,0.0559,0.8734,0.0707,0.0091,731
2022-08-03,22846.5078125,-0.5727596126613665,0,0.0549,0.8804,0.0647,0.0198,846
2022-08-04,22630.95703125,-0.9434736504108754,1,0.0422,0.876,0.0818,0.042,912
2022-08-05,23289.314453125,2.909101108565171,0,0.051,0.8717,0.0772,0.0381,1039
2022-08-06,22961.279296875,-1.4085221654344782,1,0.0346,0.8903,0.0715,0.0455,554
2022-08-07,23175.890625,0.9346662498644244,1,0.0431,0.8781,0.0788,0.0459,587
2022-08-08,23809.486328125,2.733856978257987,0,0.0384,0.887,0.0746,0.0542,1429
2022-08-09,23164.318359375,-2.709709734425869,1,0.0491,0.8729,0.0754,0.0351,1584
2022-08-10,23947.642578125,3.381598398870977,1,0.041,0.8898,0.0692,0.0376,1322
2022-08-11,23957.529296875,0.0412847265351734,1,0.0361,0.8833,0.0782,0.0545,1262
2022-08-12,24402.818359375,1.8586602023192844,1,0.0401,0.8834,0.075,0.0424,1352
2022-08-13,24424.068359375,0.0870801056134462,0,0.048,0.8783,0.0721,0.0468,651
2022-08-14,24319.333984375,-0.4288162539464846,0,0.036,0.8843,0.0779,0.0506,560
2022-08-15,24136.97265625,-0.7498615226969818,0,0.0441,0.8725,0.0816,0.0503,1675
2022-08-16,23883.291015625,-1.0510085263709,0,0.0445,0.8677,0.0864,0.0522,3619
2022-08-17,23335.998046875,-2.291530796119967,0,0.0482,0.8808,0.0698,0.0356,4214
2022-08-18,23212.73828125,-0.5281958173694035,0,0.0568,0.8634,0.0776,0.0338,5135
2022-08-19,20877.552734375,-10.05993139879252,1,0.0572,0.8677,0.0743,0.0242,3926
2022-08-20,21166.060546875,1.3819043648011895,1,0.0505,0.8803,0.066,0.0247,1238
2022-08-21,21534.12109375,1.738918520335342,0,0.0447,0.8831,0.0722,0.0491,815
2022-08-22,21398.908203125,-0.6279006699941081,1,0.0475,0.8736,0.0789,0.0442,1427
2022-08-23,21528.087890625,0.6036741981122917,0,0.0449,0.8885,0.065,0.047,1234
2022-08-24,21395.01953125,-0.6181150878381003,1,0.0358,0.8862,0.0759,0.062,1446
2022-08-25,21600.904296875,0.9623023027591991,0,0.0412,0.869,0.0858,0.0597,1251
2022-08-26,20260.01953125,-6.207539958496023,0,0.0454,0.8739,0.0807,0.0462,1136
2022-08-27,20041.73828125,-1.0773990107132536,0,0.0417,0.8826,0.0758,0.0538,614
2022-08-28,19616.814453125,-2.1201944769558057,1,0.0392,0.8855,0.0734,0.0502,533
2022-08-29,20297.994140625,3.472427641744291,0,0.0366,0.8847,0.0761,0.0504,1148
2022-08-30,19796.80859375,-2.4691382971281484,1,0.0445,0.8802,0.0745,0.0469,1271
2022-08-31,20049.763671875,1.2777568511970203,1,0.0508,0.8715,0.0759,0.0274,1609
2022-09-01,20127.140625,0.3859245145793943,0,0.0506,0.869,0.0794,0.0396,1101
2022-09-02,19969.771484375,-0.7818752974256604,0,0.0561,0.8585,0.0853,0.0448,974
2022-09-03,19832.087890625,-0.6894600364241943,1,0.0498,0.8831,0.0671,0.0419,475
2022-09-04,19986.712890625,0.7796708085036963,0,0.0733,0.8574,0.068,-0.0108,753
2022-09-05,19812.37109375,-0.8722884940063236,0,0.0571,0.8673,0.0756,0.019,677
2022-09-06,18837.66796875,-4.919669232863699,1,0.0565,0.8547,0.0837,0.0479,787
2022-09-07,19290.32421875,2.4029314602578067,1,0.0449,0.865,0.0901,0.0493,854
2022-09-08,19329.833984375,0.2048164933723395,1,0.0508,0.8712,0.0767,0.0343,771
2022-09-09,21381.15234375,10.612188190716765,1,0.0385,0.885,0.0765,0.0474,681
2022-09-10,21680.5390625,1.4002365912589188,1,0.0479,0.8739,0.0754,0.0219,365
2022-09-11,21769.255859375,0.4092001431295067,1,0.0543,0.8588,0.0846,0.0502,440
2022-09-12,22370.44921875,2.7616624254801714,0,0.0402,0.875,0.0829,0.0665,556
2022-09-13,20296.70703125,-9.270006906083372,0,0.0529,0.8688,0.077,0.0356,781
2022-09-14,20241.08984375,-0.27402074343571,0,0.039,0.8902,0.0695,0.0391,783
2022-09-15,19701.2109375,-2.6672422800232853,1,0.0467,0.8789,0.0731,0.0469,750
2022-09-16,19772.583984375,0.3622774615297697,1,0.0502,0.8833,0.0665,0.0251,721
2022-09-17,20127.576171875,1.7953757980268437,0,0.0598,0.8593,0.0809,0.0367,363
2022-09-18,19419.505859375,-3.5179114785287124,1,0.0423,0.8681,0.0896,0.0807,319
2022-09-19,19544.12890625,0.6417415961943007,0,0.0375,0.8863,0.0762,0.0495,494
2022-09-20,18890.7890625,-3.342895694578996,0,0.0342,0.9034,0.0625,0.0494,665
2022-09-21,18547.400390625,-1.817757165880696,1,0.0489,0.8723,0.076,0.0383,699
2022-09-22,19413.55078125,4.669928789927913,0,0.0454,0.8968,0.0565,0.0131,770
2022-09-23,19297.638671875,-0.5970680514919002,0,0.0544,0.8716,0.074,0.0207,715
2022-09-24,18937.01171875,-1.8687620763186417,0,0.0462,0.8875,0.0638,0.0586,410
2022-09-25,18802.09765625,-0.7124358610731463,1,0.0519,0.8675,0.0806,0.0552,343
2022-09-26,19222.671875,2.2368473265013344,0,0.0368,0.8982,0.0619,0.0357,625
2022-09-27,19110.546875,-0.5832956039052206,1,0.0496,0.866,0.0716,0.0375,625
2022-09-28,19426.720703125,1.6544467837213528,1,0.0472,0.8714,0.0814,0.0422,725
2022-09-29,19573.05078125,0.7532412719634118,0,0.0425,0.8717,0.0847,0.054,908
2022-09-30,19431.7890625,-0.72171538473359,0,0.0497,0.8609,0.0863,0.058,951
2022-10-01,19312.095703125,-0.6159667490729825,0,0.0443,0.8741,0.0783,0.0429,618
2022-10-02,19044.107421875,-1.3876706359042923,1,0.0388,0.863,0.0953,0.0653,673
2022-10-03,19623.580078125,3.042792415591977,1,0.0428,0.8643,0.091,0.0604,1030
2022-10-04,20336.84375,3.634727552441341,0,0.0431,0.8748,0.08,0.0519,996
2022-10-05,20160.716796875,-0.8660486125090072,0,0.0491,0.8665,0.0833,0.0508,949
2022-10-06,19955.443359375,-1.018185214187517,0,0.045,0.8641,0.0898,0.0662,934
2022-10-07,19546.849609375,-2.047530303595302,0,0.0474,0.8702,0.0789,0.0381,872
2022-10-08,19416.568359375,-0.6665076603316944,1,0.0497,0.8644,0.0799,0.0324,497
2022-10-09,19446.42578125,0.1537729083861627,0,0.0405,0.8768,0.0769,0.0462,521
2022-10-10,19141.484375,-1.568110303046133,0,0.0571,0.8604,0.081,0.0378,712
2022-10-11,19051.41796875,-0.470529894576166,1,0.0515,0.8773,0.07,0.0248,816
2022-10-12,19157.4453125,0.5565325579645286,1,0.0489,0.8822,0.0688,0.029,700
2022-10-13,19382.904296875,1.1768739552548313,0,0.0517,0.8634,0.085,0.0438,999
2022-10-14,19185.65625,-1.0176392755898878,0,0.0585,0.867,0.0733,0.0282,809
2022-10-15,19067.634765625,-0.6151547950047354,1,0.0466,0.8779,0.0733,0.0365,459
2022-10-16,19268.09375,1.0513049302600663,1,0.0462,0.8803,0.0678,0.0258,356
2022-10-17,19550.7578125,1.4670058500208416,0,0.0309,0.8775,0.0916,0.0711,567
2022-10-18,19334.416015625,-1.1065647631146036,0,0.0484,0.867,0.0846,0.0402,650
2022-10-19,19139.53515625,-1.007947999140535,0,0.0499,0.8655,0.0817,0.0368,690
2022-10-20,19053.740234375,-0.4482602172654282,1,0.0506,0.8692,0.0802,0.0499,820
2022-10-21,19172.46875,0.6231244583192241,1,0.0512,0.8516,0.0902,0.0649,706
2022-10-22,19208.189453125,0.1863124858398901,1,0.0482,0.848,0.1038,0.0738,475
2022-10-23,19567.0078125,1.8680488353712168,0,0.0385,0.8793,0.0792,0.0542,329
2022-10-24,19345.572265625,-1.1316781236911488,1,0.0365,0.8813,0.0806,0.0691,592
2022-10-25,20095.857421875,3.878330120960949,1,0.0462,0.8707,0.0755,0.0509,787
2022-10-26,20770.44140625,3.356831063305088,0,0.0502,0.868,0.0818,0.0418,821
2022-10-27,20285.8359375,-2.33314959115013,1,0.0443,0.8595,0.0942,0.0515,1009
2022-10-28,20595.3515625,1.525772100068279,1,0.0517,0.8612,0.0829,0.0457,961
2022-10-29,20818.4765625,1.083375534148523,0,0.0436,0.863,0.0934,0.0584,538
2022-10-30,20635.603515625,-0.8784170461560437,0,0.0399,0.8635,0.0907,0.0749,339
2022-10-31,20495.7734375,-0.6776156462742766,0,0.039,0.8823,0.0773,0.0685,720
2022-11-01,20485.2734375,-0.0512300744932581,0,0.0374,0.859,0.1022,0.079,712
2022-11-02,20159.50390625,-1.5902620594443806,1,0.0461,0.8404,0.1016,0.0664,167
2022-11-03,20209.98828125,0.2504246891926076,1,0.0578,0.8171,0.1045,0.0578,145
2022-11-04,21147.23046875,4.63751969796804,1,0.0556,0.8548,0.0882,0.046,717
2022-11-05,21282.69140625,0.6405611254872046,0,0.0442,0.8682,0.0845,0.0619,330
2022-11-06,20926.486328125,-1.6736843631552811,0,0.0581,0.8634,0.0785,0.0424,369
2022-11-07,20602.81640625,-1.5466997985227438,0,0.0355,0.8726,0.0854,0.0709,617
2022-11-08,18541.271484375,-10.006131594948432,0,0.0473,0.8592,0.0902,0.0636,610
2022-11-09,15880.7802734375,-14.349022466876317,1,0.0404,0.8658,0.0907,0.0623,636
2022-11-10,17586.771484375,10.742489862358797,0,0.0416,0.8737,0.0835,0.0466,827
2022-11-11,17034.29296875,-3.141443647663533,0,0.0416,0.8559,0.0983,0.0673,720
2022-11-12,16799.185546875,-1.3802006476365758,0,0.0477,0.8975,0.0548,0.0194,471
2022-11-13,16353.365234375,-2.6538209918333333,1,0.0425,0.8876,0.0699,0.0347,363
2022-11-14,16618.19921875,1.6194463988263186,1,0.0437,0.8835,0.0709,0.0522,532
2022-11-15,16884.61328125,1.6031463998783302,0,0.044,0.8775,0.077,0.0427,648
2022-11-16,16669.439453125,-1.27437818409466,1,0.0407,0.8897,0.0696,0.0332,616
2022-11-17,16687.517578125,0.1084507073608298,1,0.0537,0.8729,0.0716,0.0322,556
2022-11-18,16697.77734375,0.0614816768100379,1,0.0459,0.8844,0.0679,0.0344,543
2022-11-19,16711.546875,0.0824632582321127,0,0.0395,0.882,0.0752,0.0457,301
2022-11-20,16291.83203125,-2.5115259939095247,0,0.0485,0.8727,0.0753,0.0473,279
2022-11-21,15787.2841796875,-3.0969374751391165,1,0.0346,0.8907,0.0746,0.0467,414
2022-11-22,16189.76953125,2.5494274188105903,1,0.0617,0.8443,0.0919,0.0455,485
2022-11-23,16610.70703125,2.600021570334854,0,0.0448,0.8557,0.0938,0.0634,526
2022-11-24,16604.46484375,-0.0375793004370961,0,0.0477,0.8829,0.0658,0.0251,280
2022-11-25,16521.841796875,-0.4975953615638517,0,0.051,0.8344,0.1109,0.0818,278
2022-11-26,16464.28125,-0.3483906188103458,0,0.045,0.8599,0.0874,0.0482,261
2022-11-27,16444.626953125,-0.1193753713056855,0,0.0377,0.8877,0.0746,0.0243,231
2022-11-28,16217.322265625,-1.3822428939733733,1,0.0387,0.875,0.0834,0.0479,340
2022-11-29,16444.982421875,1.4038085481754337,1,0.0446,0.8692,0.0816,0.0445,446
2022-11-30,17168.56640625,4.400028931697086,0,0.0536,0.8625,0.0839,0.0497,515
2022-12-01,16967.1328125,-1.1732697360023692,1,0.0514,0.8561,0.0909,0.0461,622
2022-12-02,17088.66015625,0.7162515027905547,0,0.0497,0.8641,0.0861,0.0591,447
2022-12-03,16908.236328125,-1.0558102652595158,1,0.0523,0.8778,0.0699,0.0154,245
2022-12-04,17130.486328125,1.3144481522908036,0,0.037,0.8661,0.0969,0.0979,282
2022-12-05,16974.826171875,-0.908673304822849,1,0.0488,0.863,0.0882,0.0695,393
2022-12-06,17089.50390625,0.6755753090715411,0,0.0579,0.8513,0.0909,0.0326,486
2022-12-07,16848.126953125,-1.412428087141393,1,0.0468,0.866,0.0854,0.044,572
2022-12-08,17233.474609375,2.287183954169602,0,0.0464,0.8744,0.0775,0.035,580
2022-12-09,17133.15234375,-0.5821360340788395,0,0.0554,0.8703,0.0743,0.0353,537
2022-12-10,17128.724609375,-0.0258430806320042,0,0.0559,0.8659,0.0718,0.024,311
2022-12-11,17104.193359375,-0.1432170261326582,1,0.0319,0.8404,0.1253,0.1191,411
2022-12-12,17206.4375,0.5977723618808328,1,0.0507,0.8785,0.0668,0.0386,502
2022-12-13,17781.318359375,3.34108010083436,1,0.0616,0.8612,0.0772,0.0217,623
2022-12-14,17815.650390625,0.1930792225645072,0,0.0592,0.8727,0.0681,0.0083,598
2022-12-15,17364.865234375,-2.530276169357326,0,0.0503,0.8723,0.0739,0.0336,592
2022-12-16,16647.484375,-4.131220425223303,1,0.0464,0.883,0.0624,0.0233,609
2022-12-17,16795.091796875,0.8866650272798315,0,0.0394,0.8724,0.0819,0.0544,317
2022-12-18,16757.9765625,-0.2209885770431241,0,0.0441,0.8811,0.0748,0.0608,273
2022-12-19,16439.6796875,-1.899375344110854,1,0.05,0.8691,0.0762,0.0413,431
2022-12-20,16906.3046875,2.838406884258226,0,0.0475,0.8559,0.0947,0.0507,524
2022-12-21,16817.53515625,-0.5250676176186131,1,0.0382,0.854,0.1023,0.1105,548
2022-12-22,16830.341796875,0.0761505209057933,0,0.04,0.8763,0.0837,0.062,654
2022-12-23,16796.953125,-0.1983838015767403,1,0.048,0.8649,0.0813,0.0641,520
2022-12-24,16847.755859375,0.3024520816182319,0,0.0442,0.8461,0.1057,0.0724,251
2022-12-25,16841.986328125,-0.0342451024228807,1,0.0398,0.8266,0.1293,0.0899,229
2022-12-26,16919.8046875,0.4620497716771643,0,0.0561,0.8396,0.097,0.0568,274
2022-12-27,16717.173828125,-1.1975957353969946,0,0.0438,0.8667,0.0875,0.0626,523
2022-12-28,16552.572265625,-0.9846255365429936,1,0.0472,0.8744,0.0766,0.0346,550
2022-12-29,16642.341796875,0.5423297950882588,0,0.0502,0.8693,0.0805,0.0321,508
2022-12-30,16602.5859375,-0.2388838052975517,0,0.0658,0.8155,0.1187,0.0671,508
2022-12-31,16547.49609375,-0.331814838708766,1,0.0653,0.8135,0.118,0.0434,314
2023-01-01,16625.080078125,0.4688563389617872,1,0.06,0.8232,0.1168,0.0783,242
2023-01-02,16688.470703125,0.3812951558856525,0,0.0501,0.8476,0.1024,0.0683,261
2023-01-03,16679.857421875,-0.0516121662866742,1,0.053,0.8278,0.1126,0.0746,458
2023-01-04,16863.23828125,1.0994150293785143,0,0.0545,0.8569,0.0887,0.0392,521
2023-01-05,16836.736328125,-0.1571581488857165,1,0.0578,0.8446,0.0959,0.0511,593
2023-01-06,16951.96875,0.6844106816741524,1,0.0639,0.8345,0.0979,0.0361,550
2023-01-07,16955.078125,0.0183422648180719,1,0.056,0.846,0.098,0.0439,305
2023-01-08,17091.14453125,0.8025112314249405,1,0.0648,0.8474,0.0844,0.0232,305
2023-01-09,17196.5546875,0.6167530562816603,1,0.0569,0.8556,0.0831,0.0342,449
2023-01-10,17446.29296875,1.4522576515372032,1,0.0537,0.8354,0.1024,0.0558,471
2023-01-11,17934.896484375,2.800615102017323,1,0.0576,0.8521,0.0869,0.0383,595
2023-01-12,18869.587890625,5.211579598824612,1,0.0497,0.8435,0.1019,0.0668,815
2023-01-13,19909.57421875,5.511441660269112,1,0.0688,0.8327,0.0972,0.045,777
2023-01-14,20976.298828125,5.357847423830919,0,0.0428,0.8713,0.0833,0.0607,389
2023-01-15,20880.798828125,-0.4552757413617381,1,0.054,0.8408,0.0988,0.0564,313
2023-01-16,21169.6328125,1.3832516023570829,0,0.0531,0.8571,0.0898,0.0525,329
2023-01-17,21161.51953125,-0.038325091993141,0,0.0456,0.8519,0.1004,0.0623,491
2023-01-18,20688.78125,-2.233952436883801,1,0.0551,0.8309,0.1141,0.0642,579
2023-01-19,21086.79296875,1.9238045679950355,1,0.0604,0.8562,0.0813,0.0169,483
2023-01-20,22676.552734375,7.539125404137925,1,0.0496,0.8452,0.1013,0.0682,508
2023-01-21,22777.625,0.4457126566322689,0,0.0563,0.8396,0.1041,0.081,305
2023-01-22,22720.416015625,-0.2511630794474806,1,0.0487,0.8221,0.1253,0.0948,252
2023-01-23,22934.431640625,0.9419529327844068,0,0.0572,0.8351,0.1077,0.0508,399
2023-01-24,22636.46875,-1.2991945703908492,1,0.0516,0.8605,0.0879,0.0428,403
2023-01-25,23117.859375,2.1266153759075257,0,0.0542,0.8369,0.1048,0.0665,495
2023-01-26,23032.77734375,-0.3680359408276712,1,0.0642,0.831,0.1009,0.0234,508
2023-01-27,23078.728515625,0.1995033911421417,0,0.0605,0.8356,0.1038,0.058,675
2023-01-28,23031.08984375,-0.2064180955322014,1,0.0601,0.8397,0.0923,0.0531,381
2023-01-29,23774.56640625,3.228143207915801,0,0.0506,0.8715,0.0779,0.042,350
2023-01-30,22840.138671875,-3.930367092328346,1,0.0491,0.8595,0.0876,0.0524,511
2023-01-31,23139.283203125,1.3097316769725251,1,0.0662,0.8276,0.1062,0.065,560
2023-02-01,23723.76953125,2.525948288865165,0,0.0567,0.8432,0.0978,0.0558,840
2023-02-02,23471.87109375,-1.061797692681965,0,0.0476,0.8459,0.1034,0.0743,969
2023-02-03,23449.322265625,-0.096067450417292,0,0.0517,0.8441,0.1016,0.0639,771
2023-02-04,23331.84765625,-0.5009723012217249,0,0.0585,0.8385,0.1004,0.0655,389
2023-02-05,22955.666015625,-1.612309690031044,0,0.0437,0.8719,0.0813,0.045,327
2023-02-06,22760.109375,-0.8518883333286542,1,0.0564,0.8473,0.0917,0.0553,649
2023-02-07,23264.291015625,2.215198672018692,0,0.0512,0.8469,0.0989,0.0666,664
2023-02-08,22939.3984375,-1.3965290320121615,0,0.0587,0.8391,0.1003,0.0575,549
2023-02-09,21819.0390625,-4.883996317743455,0,0.0613,0.8331,0.1056,0.0671,548
2023-02-10,21651.18359375,-0.7693073387383564,1,0.0655,0.8338,0.0988,0.057,515
2023-02-11,21870.875,1.0146854341645195,0,0.0544,0.8485,0.0936,0.0558,286
2023-02-12,21788.203125,-0.3779998514005456,1,0.0355,0.8548,0.0988,0.0891,276
2023-02-13,21808.1015625,0.0913266568419723,1,0.0543,0.8351,0.108,0.0523,385
2023-02-14,22220.8046875,1.8924303145655847,1,0.0471,0.8574,0.0955,0.0589,472
2023-02-15,24307.841796875,9.392266116037783,0,0.0501,0.8447,0.1034,0.0629,526
2023-02-16,23623.474609375,-2.8154173176657027,1,0.0511,0.8421,0.1049,0.0613,540
2023-02-17,24565.6015625,3.9880964536483487,1,0.0673,0.8389,0.0916,0.0431,462
2023-02-18,24641.27734375,0.3080558848008063,0,0.0498,0.8251,0.1216,0.0997,281
2023-02-19,24327.642578125,-1.272802384591276,1,0.0458,0.8771,0.077,0.0452,242
2023-02-20,24829.1484375,2.0614650916729094,0,0.0441,0.8753,0.0806,0.0465,302
2023-02-21,24436.353515625,-1.581991113645098,0,0.0497,0.8531,0.0973,0.0566,352
2023-02-22,24188.84375,-1.012875204423358,0,0.0482,0.8525,0.0969,0.062,407
2023-02-23,23947.4921875,-0.997780485063493,0,0.0405,0.8506,0.1044,0.0864,447
2023-02-24,23198.126953125,-3.129201289670536,0,0.0514,0.8496,0.0962,0.0527,365
2023-02-25,23175.375,-0.098076681669057,1,0.063,0.8472,0.0898,0.0686,215
2023-02-26,23561.212890625,1.6648614774302573,0,0.0516,0.8699,0.0785,0.022,205
2023-02-27,23522.87109375,-0.1627326956935015,0,0.0425,0.8659,0.0916,0.0605,353
2023-02-28,23147.353515625,-1.596393470118429,1,0.047,0.8546,0.0985,0.0787,373
2023-03-01,23646.55078125,2.156606219747892,0,0.0515,0.8343,0.0996,0.0666,411
2023-03-02,23475.466796875,-0.7235050302163204,0,0.0592,0.8291,0.109,0.0548,363
2023-03-03,22362.6796875,-4.740212916759257,0,0.0528,0.8347,0.1103,0.0886,450
2023-03-04,22353.349609375,-0.0417216463115321,1,0.0315,0.8715,0.097,0.104,204
2023-03-05,22435.513671875,0.3675693528523371,0,0.0703,0.8274,0.1024,0.0441,186
2023-03-06,22429.7578125,-0.0256551263286497,0,0.0485,0.8401,0.1081,0.0889,299
2023-03-07,22219.76953125,-0.9362039617430652,0,0.056,0.8328,0.1085,0.0674,358
2023-03-08,21718.080078125,-2.257851740628636,0,0.0788,0.8268,0.0944,0.0378,305
2023-03-09,20363.021484375,-6.239311158608585,0,0.0622,0.8139,0.1216,0.0751,430
2023-03-10,20187.244140625,-0.8632183779056501,1,0.0763,0.8157,0.108,0.0371,680
2023-03-11,20632.41015625,2.2051846825845045,1,0.0931,0.8211,0.0822,-0.0249,545
2023-03-12,22163.94921875,7.422977009964415,1,0.0919,0.8333,0.0732,-0.0282,629
2023-03-13,24197.533203125,9.175187888693824,1,0.0853,0.8143,0.0973,0.0067,948
2023-03-14,24746.07421875,2.266929488309,0,0.0662,0.8373,0.0966,0.0461,427
2023-03-15,24375.9609375,-1.4956444322371198,1,0.0764,0.8181,0.1023,0.029,624
2023-03-16,25052.7890625,2.7766213062754286,1,0.059,0.8275,0.1118,0.0623,581
2023-03-17,27423.9296875,9.464577453171527,0,0.0808,0.8218,0.0956,0.0039,533
2023-03-18,26965.87890625,-1.6702594648891012,1,0.0914,0.8074,0.0982,0.0005,325
2023-03-19,28038.67578125,3.9783493752593824,0,0.0882,0.7788,0.133,0.0858,364
2023-03-20,27767.236328125,-0.9680894177838352,1,0.0754,0.8112,0.1081,0.0359,570
2023-03-21,28175.81640625,1.4714466837708162,0,0.0674,0.8154,0.1138,0.0528,588
2023-03-22,27307.4375,-3.0820008681536337,1,0.0607,0.8408,0.0985,0.039,639
2023-03-23,28333.97265625,3.7591779025402783,0,0.0854,0.8135,0.0994,0.0152,592
2023-03-24,27493.28515625,-2.967065403073854,1,0.0663,0.8338,0.0978,0.0309,471
2023-03-25,27494.70703125,0.0051717173554122,1,0.0807,0.822,0.0938,0.0022,288
2023-03-26,27994.330078125,1.8171608313816143,0,0.0721,0.8233,0.1007,0.0623,257
2023-03-27,27139.888671875,-3.052194511765327,1,0.0847,0.8308,0.0845,0.0012,364
2023-03-28,27268.130859375,0.4725228944394866,1,0.0633,0.8466,0.0877,0.0276,406
