Date,Close,Return,Direction
2020-01-03,3234.85009765625,-0.7059870562045378,1
2020-01-06,3246.280029296875,0.35333728907271933,0
2020-01-07,3237.179931640625,-0.2803238652896223,1
2020-01-08,3253.050048828125,0.49024513689781557,1
2020-01-09,3274.699951171875,0.6655262605488987,0
2020-01-10,3265.35009765625,-0.2855178689662563,1
2020-01-13,3288.1298828125,0.6976215252569862,0
2020-01-14,3283.14990234375,-0.1514532772802224,1
2020-01-15,3289.2900390625,0.18701968845122874,1
2020-01-16,3316.81005859375,0.8366553026468271,1
2020-01-17,3329.6201171875,0.3862162248501333,0
2020-01-21,3320.7900390625,-0.26519776473655776,1
2020-01-22,3321.75,0.02890760711180551,1
2020-01-23,3325.5400390625,0.11409766124783616,0
2020-01-24,3295.469970703125,-0.9042160974207403,0
2020-01-27,3243.6298828125,-1.5730711659182384,1
2020-01-28,3276.239990234375,1.0053584595046017,0
2020-01-29,3273.39990234375,-0.08668741908683941,1
2020-01-30,3283.659912109375,0.3134358792605374,0
2020-01-31,3225.52001953125,-1.770582037552626,1
2020-02-03,3248.919921875,0.7254613892351713,1
2020-02-04,3297.590087890625,1.4980414164082134,1
2020-02-05,3334.68994140625,1.125059589785371,1
2020-02-06,3345.780029296875,0.3325672876785646,0
2020-02-07,3327.7099609375,-0.5400853672730133,1
2020-02-10,3352.090087890625,0.7326397804890528,1
2020-02-11,3357.75,0.16884725532351208,1
2020-02-12,3379.449951171875,0.6462646466197652,0
2020-02-13,3373.93994140625,-0.16304457368023773,1
2020-02-14,3380.159912109375,0.18435333204338544,0
2020-02-18,3370.2900390625,-0.2919942636890105,1
2020-02-19,3386.14990234375,0.4705785881164548,0
2020-02-20,3373.22998046875,-0.381551976362815,0
2020-02-21,3337.75,-1.051810302712286,0
2020-02-24,3225.889892578125,-3.351362667122315,0
2020-02-25,3128.2099609375,-3.0279995565056117,0
2020-02-26,3116.389892578125,-0.37785406053220116,0
2020-02-27,2978.760009765625,-4.416324258407911,0
2020-02-28,2954.219970703125,-0.8238340444361891,1
2020-03-02,3090.22998046875,4.603922900611002,0
2020-03-03,3003.3701171875,-2.8107896121075893,1
2020-03-04,3130.1201171875,4.220259077449118,0
2020-03-05,3023.93994140625,-3.3922077046888544,0
2020-03-06,2972.3701171875,-1.7053852000370129,0
2020-03-09,2746.56005859375,-7.5969697477450975,1
2020-03-10,2882.22998046875,4.939630628156144,0
2020-03-11,2741.3798828125,-4.886844513127397,0
2020-03-12,2480.639892578125,-9.511268097833659,1
2020-03-13,2711.02001953125,9.287124972971839,0
2020-03-16,2386.1298828125,-11.984055240393443,1
2020-03-17,2529.18994140625,5.995484974402432,0
2020-03-18,2398.10009765625,-5.1830762729157875,1
2020-03-19,2409.389892578125,0.47078080405855705,0
2020-03-20,2304.919921875,-4.335951230846192,0
2020-03-23,2237.39990234375,-2.929386782180443,1
2020-03-24,2447.330078125,9.382773976227554,1
2020-03-25,2475.56005859375,1.1535011448222,1
2020-03-26,2630.070068359375,6.2414163303876835,0
2020-03-27,2541.469970703125,-3.3687352562252526,1
2020-03-30,2626.64990234375,3.351600948370015,0
2020-03-31,2584.590087890625,-1.6012721914555605,0
2020-04-01,2470.5,-4.414243033166542,1
2020-04-02,2526.89990234375,2.282934723487151,0
2020-04-03,2488.64990234375,-1.5137125124949469,1
2020-04-06,2663.679931640625,7.033131865275055,0
2020-04-07,2659.409912109375,-0.16030527844311804,1
2020-04-08,2749.97998046875,3.405645287963033,1
2020-04-09,2789.820068359375,1.4487410153376512,0
2020-04-13,2761.6298828125,-1.0104660822607414,1
2020-04-14,2846.06005859375,3.0572589146256046,0
2020-04-15,2783.360107421875,-2.2030438529415775,1
2020-04-16,2799.550048828125,0.5816689462164515,1
2020-04-17,2874.56005859375,2.679359484822341,0
2020-04-20,2823.159912109375,-1.788104803401469,0
2020-04-21,2736.56005859375,-3.0674795694063395,1
2020-04-22,2799.31005859375,2.2930247703843776,0
2020-04-23,2797.800048828125,-0.053942211974311594,1
2020-04-24,2836.739990234375,1.3918057304545428,1
2020-04-27,2878.47998046875,1.4714069804799612,0
2020-04-28,2863.389892578125,-0.5242380698498916,1
2020-04-29,2939.510009765625,2.6583916282167053,0
2020-04-30,2912.429931640625,-0.9212446303987654,0
2020-05-01,2830.7099609375,-2.8059034078492195,1
2020-05-04,2842.739990234375,0.42498275919764517,1
2020-05-05,2868.43994140625,0.9040556385797371,0
2020-05-06,2848.419921875,-0.6979410390386298,1
2020-05-07,2881.18994140625,1.1504630788313985,1
2020-05-08,2929.800048828125,1.6871538638701944,1
2020-05-11,2930.18994140625,0.013307822091168653,0
2020-05-12,2870.1201171875,-2.0500317528877154,0
2020-05-13,2820.0,-1.7462724604228042,1
2020-05-14,2852.5,1.152482269503552,1
2020-05-15,2863.699951171875,0.39263632504382695,1
2020-05-18,2953.909912109375,3.1501191631680747,0
2020-05-19,2922.93994140625,-1.0484399194493177,1
2020-05-20,2971.610107421875,1.665110025908012,0
2020-05-21,2948.510009765625,-0.7773596407737116,1
2020-05-22,2955.449951171875,0.2353711326488428,1
2020-05-26,2991.77001953125,1.2289184036080147,1
2020-05-27,3036.1298828125,1.4827297215913804,0
2020-05-28,3029.72998046875,-0.21079145460738413,1
2020-05-29,3044.31005859375,0.48123358249714254,1
2020-06-01,3055.72998046875,0.3751234813537785,1
2020-06-02,3080.820068359375,0.8210832780053412,1
2020-06-03,3122.8701171875,1.3648979133831007,0
2020-06-04,3112.35009765625,-0.33687022311144066,1
2020-06-05,3193.929931640625,2.6211650818398713,1
2020-06-08,3232.389892578125,1.2041579421169235,0
2020-06-09,3207.179931640625,-0.7799170822611612,0
2020-06-10,3190.139892578125,-0.5313091072437381,0
2020-06-11,3002.10009765625,-5.894405927443824,1
2020-06-12,3041.31005859375,1.3060843963234703,1
2020-06-15,3066.590087890625,0.8312217041285264,1
2020-06-16,3124.739990234375,1.896239819380252,0
2020-06-17,3113.489990234375,-0.3600299556174025,1
2020-06-18,3115.340087890625,0.05942198825281686,0
2020-06-19,3097.739990234375,-0.5649494809462974,1
2020-06-22,3117.860107421875,0.6495095537691675,1
2020-06-23,3131.2900390625,0.4307419569164139,0
2020-06-24,3050.330078125,-2.585514593906457,1
2020-06-25,3083.760009765625,1.095944726780984,0
2020-06-26,3009.050048828125,-2.4226905044785974,1
2020-06-29,3053.239990234375,1.4685678433118632,1
2020-06-30,3100.2900390625,1.5409875731554612,1
2020-07-01,3115.860107421875,0.5022132820864389,1
2020-07-02,3130.010009765625,0.45412508443640753,1
2020-07-06,3179.719970703125,1.588172586745884,0
2020-07-07,3145.320068359375,-1.0818532028197159,1
2020-07-08,3169.93994140625,0.7827461915415501,0
2020-07-09,3152.050048828125,-0.5643606159361103,1
2020-07-10,3185.0400390625,1.046620127324438,0
2020-07-13,3155.219970703125,-0.9362541127788226,1
2020-07-14,3197.52001953125,1.3406370782667931,1
2020-07-15,3226.56005859375,0.9082050740923053,0
2020-07-16,3215.570068359375,-0.34061012455366413,1
2020-07-17,3224.72998046875,0.2848612194617406,1
2020-07-20,3251.840087890625,0.84069387471426,1
2020-07-21,3257.300048828125,0.16790373419135474,1
2020-07-22,3276.02001953125,0.5747082068739751,0
2020-07-23,3235.659912109375,-1.2319859824193036,0
2020-07-24,3215.6298828125,-0.6190400054688405,1
2020-07-27,3239.409912109375,0.7395138795039502,0
2020-07-28,3218.43994140625,-0.6473392152297919,1
2020-07-29,3258.43994140625,1.242838167815008,0
2020-07-30,3246.219970703125,-0.3750251937389204,1
2020-07-31,3271.1201171875,0.7670504990141325,1
2020-08-03,3294.610107421875,0.718102343932614,1
2020-08-04,3306.510009765625,0.36119303819721615,1
2020-08-05,3327.77001953125,0.6429743053199433,1
2020-08-06,3349.159912109375,0.642769555966427,1
2020-08-07,3351.280029296875,0.06330295486443038,1
2020-08-10,3360.469970703125,0.2742218294476073,0
2020-08-11,3333.68994140625,-0.7969132154236114,1
2020-08-12,3380.35009765625,1.3996549490237653,0
2020-08-13,3373.429931640625,-0.2047174350497949,0
2020-08-14,3372.85009765625,-0.017188262276812694,1
2020-08-17,3381.989990234375,0.2709842511078753,1
2020-08-18,3389.780029296875,0.2303389154016955,0
2020-08-19,3374.85009765625,-0.44043954214108005,1
2020-08-20,3385.510009765625,0.31586327691348615,1
2020-08-21,3397.159912109375,0.34411070444764214,1
2020-08-24,3431.280029296875,1.0043718303008653,1
2020-08-25,3443.6201171875,0.35963511532906,1
2020-08-26,3478.72998046875,1.0195626139483993,1
2020-08-27,3484.550048828125,0.16730440109038458,1
2020-08-28,3508.010009765625,0.673256535528588,0
2020-08-31,3500.31005859375,-0.21949627140287475,1
2020-09-01,3526.64990234375,0.7525003016613407,1
2020-09-02,3580.840087890625,1.5365910154807594,0
2020-09-03,3455.06005859375,-3.512584371534122,0
2020-09-04,3426.9599609375,-0.8133027264274895,0
2020-09-08,3331.840087890625,-2.7756342102361,1
2020-09-09,3398.9599609375,2.014498633677464,0
2020-09-10,3339.18994140625,-1.758479659017942,1
2020-09-11,3340.969970703125,0.053307219059406385,1
2020-09-14,3383.5400390625,1.2741829089357504,1
2020-09-15,3401.199951171875,0.5219359577689042,0
2020-09-16,3385.489990234375,-0.4618946596211537,0
2020-09-17,3357.010009765625,-0.8412365876402483,0
2020-09-18,3319.469970703125,-1.1182581807410497,0
2020-09-21,3281.06005859375,-1.1571097930805796,1
2020-09-22,3315.570068359375,1.0517945160813724,0
2020-09-23,3236.919921875,-2.3721455093028143,1
2020-09-24,3246.590087890625,0.29874591429570607,1
2020-09-25,3298.4599609375,1.59767237756141,1
2020-09-28,3351.60009765625,1.6110590199083896,0
2020-09-29,3335.469970703125,-0.48126645432444715,1
2020-09-30,3363.0,0.8253718228220741,1
2020-10-01,3380.800048828125,0.5292907769290922,0
2020-10-02,3348.419921875,-0.9577652178616392,1
2020-10-05,3408.60009765625,1.797270867614209,0
2020-10-06,3360.969970703125,-1.3973515692226712,1
2020-10-07,3419.43994140625,1.739675486921799,1
2020-10-08,3446.830078125,0.8010123642494982,1
2020-10-09,3477.139892578125,0.879353312061526,1
2020-10-12,3534.219970703125,1.641581296364758,0
2020-10-13,3511.929931640625,-0.6306918994084421,0
2020-10-14,3488.669921875,-0.6623141753502759,0
2020-10-15,3483.340087890625,-0.15277553060997207,1
2020-10-16,3483.81005859375,0.013491955745537076,0
2020-10-19,3426.919921875,-1.6329861778318078,1
2020-10-20,3443.1201171875,0.4727334073110212,0
2020-10-21,3435.56005859375,-0.21956999281005363,1
2020-10-22,3453.489990234375,0.5218925396392127,1
2020-10-23,3465.389892578125,0.3445761353703114,0
2020-10-26,3400.969970703125,-1.8589516294535646,0
2020-10-27,3390.679931640625,-0.30256189119989285,0
2020-10-28,3271.030029296875,-3.5287878760604796,1
2020-10-29,3310.110107421875,1.1947330894238384,0
2020-10-30,3269.9599609375,-1.2129550130175693,1
2020-11-02,3310.239990234375,1.231820260127181,1
2020-11-03,3369.159912109375,1.779929009643455,1
2020-11-04,3443.43994140625,2.204704770168342,1
2020-11-05,3510.449951171875,1.9460194138962938,0
2020-11-06,3509.43994140625,-0.028771518741854685,1
2020-11-09,3550.5,1.169988923568721,0
2020-11-10,3545.530029296875,-0.13997945931910616,1
2020-11-11,3572.659912109375,0.7651855318760337,0
2020-11-12,3537.010009765625,-0.9978532303877019,1
2020-11-13,3585.14990234375,1.3610335409063534,1
2020-11-16,3626.909912109375,1.1648051240012336,0
2020-11-17,3609.530029296875,-0.4791925698091615,0
2020-11-18,3567.7900390625,-1.1563829610944043,1
2020-11-19,3581.8701171875,0.3946442467421596,0
2020-11-20,3557.5400390625,-0.6792562915180156,1
2020-11-23,3577.590087890625,0.5635930617216234,1
2020-11-24,3635.409912109375,1.6161668273416252,0
2020-11-25,3629.64990234375,-0.1584418237524976,1
2020-11-27,3638.35009765625,0.2396979198154181,0
2020-11-30,3621.6298828125,-0.45955486401709766,1
2020-12-01,3662.449951171875,1.1271187194776155,1
2020-12-02,3669.010009765625,0.17911667548251575,0
2020-12-03,3666.719970703125,-0.062415721309150296,1
2020-12-04,3699.1201171875,0.8836275129611826,0
2020-12-07,3691.9599609375,-0.19356376714373402,1
2020-12-08,3702.25,0.2787148065356293,0
2020-12-09,3672.820068359375,-0.7949201604598555,0
2020-12-10,3668.10009765625,-0.12851080682624305,0
2020-12-11,3663.4599609375,-0.12649972997506032,0
2020-12-14,3647.489990234375,-0.4359258971957769,1
2020-12-15,3694.6201171875,1.2921249154708825,1
2020-12-16,3701.169921875,0.17727951669590514,1
2020-12-17,3722.47998046875,0.5757654753379748,0
2020-12-18,3709.409912109375,-0.3511118509152866,0
2020-12-21,3694.919921875,-0.39062790518439305,0
2020-12-22,3687.260009765625,-0.2073092860288006,1
2020-12-23,3690.010009765625,0.0745811250824957,1
2020-12-24,3703.06005859375,0.35365890047962534,1
2020-12-28,3735.360107421875,0.8722529021144565,0
2020-12-29,3727.0400390625,-0.222738052560012,1
2020-12-30,3732.0400390625,0.13415471654707467,1
2020-12-31,3756.070068359375,0.6438845522919845,0
2021-01-04,3700.64990234375,-1.4754827521051062,1
2021-01-05,3726.860107421875,0.7082595157549276,1
2021-01-06,3748.139892578125,0.5709842747752214,1
2021-01-07,3803.7900390625,1.4847403800101189,1
2021-01-08,3824.679931640625,0.5491862685268911,0
2021-01-11,3799.610107421875,-0.6554750898592476,1
2021-01-12,3801.18994140625,0.04157884466327033,1
2021-01-13,3809.840087890625,0.22756417379066196,0
2021-01-14,3795.5400390625,-0.37534511943366766,0
2021-01-15,3768.25,-0.7190027975370938,1
2021-01-19,3798.909912109375,0.8136379515524483,1
2021-01-20,3851.85009765625,1.3935625421946263,1
2021-01-21,3853.070068359375,0.03167233075522802,0
2021-01-22,3841.469970703125,-0.30106116552376383,1
2021-01-25,3855.360107421875,0.36158389430824833,0
2021-01-26,3849.6201171875,-0.14888337468982327,0
2021-01-27,3750.77001953125,-2.5677883699462,1
2021-01-28,3787.3798828125,0.9760625975629766,0
2021-01-29,3714.239990234375,-1.9311475173124593,1
2021-02-01,3773.860107421875,1.6051767614439383,1
2021-02-02,3826.31005859375,1.3898223484416938,1
2021-02-03,3830.169921875,0.10087690809532646,1
2021-02-04,3871.739990234375,1.0853322230420792,1
2021-02-05,3886.830078125,0.3897495164625342,1
2021-02-08,3915.590087890625,0.7399348360373592,0
2021-02-09,3911.22998046875,-0.11135249921484514,0
2021-02-10,3909.8798828125,-0.03451849323593548,1
2021-02-11,3916.3798828125,0.16624551635393559,1
2021-02-12,3934.830078125,0.47110331133788375,0
2021-02-16,3932.590087890625,-0.056927241835114106,0
2021-02-17,3931.330078125,-0.03204020092266724,0
2021-02-18,3913.969970703125,-0.4415835627354592,0
2021-02-19,3906.7099609375,-0.18548966445751658,0
2021-02-22,3876.5,-0.773283945815384,1
2021-02-23,3881.3701171875,0.12563181187927874,1
2021-02-24,3925.429931640625,1.135161376597904,0
2021-02-25,3829.340087890625,-2.447880752512621,0
2021-02-26,3811.14990234375,-0.47502141699028444,1
2021-03-01,3901.820068359375,2.3790763506800205,0
2021-03-02,3870.2900390625,-0.8080851690870694,0
2021-03-03,3819.719970703125,-1.306622187199813,0
2021-03-04,3768.469970703125,-1.3417213930100202,1
2021-03-05,3841.93994140625,1.949596819778221,0
2021-03-08,3821.35009765625,-0.5359231030161227,1
2021-03-09,3875.43994140625,1.415464230382213,1
2021-03-10,3898.81005859375,0.6030313342701321,1
2021-03-11,3939.340087890625,1.0395487004435822,1
2021-03-12,3943.340087890625,0.10153984958789497,1
2021-03-15,3968.93994140625,0.6491921301497117,0
2021-03-16,3962.7099609375,-0.15696837343783798,1
2021-03-17,3974.1201171875,0.287938213053085,0
2021-03-18,3915.4599609375,-1.4760539319459198,0
2021-03-19,3913.10009765625,-0.060270397470363335,1
2021-03-22,3940.590087890625,0.7025118077311765,0
2021-03-23,3910.52001953125,-0.7630854183940605,0
2021-03-24,3889.139892578125,-0.546733601831495,1
2021-03-25,3909.52001953125,0.5240265846959469,1
2021-03-26,3974.5400390625,1.6631202604519668,0
2021-03-29,3971.090087890625,-0.08680126852336212,0
2021-03-30,3958.550048828125,-0.31578329337678124,1
2021-03-31,3972.889892578125,0.36224990395776757,1
2021-04-01,4019.8701171875,1.1825201774944727,1
2021-04-05,4077.909912109375,1.4438226417743616,0
2021-04-06,4073.93994140625,-0.09735307519511682,1
2021-04-07,4079.949951171875,0.1475232784985625,1
2021-04-08,4097.169921875,0.42206328286402695,1
2021-04-09,4128.7998046875,0.7719934348738189,0
2021-04-12,4127.990234375,-0.019607884876882142,1
2021-04-13,4141.58984375,0.32944868090414303,0
2021-04-14,4124.66015625,-0.40877267278285334,1
2021-04-15,4170.419921875,1.109419052516647,1
2021-04-16,4185.47021484375,0.36088195555097347,0
2021-04-19,4163.259765625,-0.5306560094486046,0
2021-04-20,4134.93994140625,-0.6802319771775922,1
2021-04-21,4173.419921875,0.9306055472153574,0
2021-04-22,4134.97998046875,-0.9210657476561801,1
2021-04-23,4180.169921875,1.0928696540176919,1
2021-04-26,4187.6201171875,0.1782270924804541,0
2021-04-27,4186.72021484375,-0.021489588801437698,0
2021-04-28,4183.18017578125,-0.08455399168898481,1
2021-04-29,4211.47021484375,0.6762806734045723,0
2021-04-30,4181.169921875,-0.7194706699326425,1
2021-05-03,4192.66015625,0.2748090747253684,0
2021-05-04,4164.66015625,-0.6678337608227225,1
2021-05-05,4167.58984375,0.07034637617677753,1
2021-05-06,4201.6201171875,0.8165456466051824,1
2021-05-07,4232.60009765625,0.7373341616968343,0
2021-05-10,4188.43017578125,-1.0435647322188157,0
2021-05-11,4152.10009765625,-0.867391280271812,0
2021-05-12,4063.0400390625,-2.144940066450274,1
2021-05-13,4112.5,1.2173141406923493,1
2021-05-14,4173.85009765625,1.4917956876899785,0
2021-05-17,4163.2900390625,-0.25300521932207776,0
2021-05-18,4127.830078125,-0.8517292959364653,0
2021-05-19,4115.68017578125,-0.2943411456817757,1
2021-05-20,4159.1201171875,1.0554741756143349,0
2021-05-21,4155.85986328125,-0.07838806801412357,1
2021-05-24,4197.0498046875,0.9911292190138532,0
2021-05-25,4188.1298828125,-0.21252837802967495,1
2021-05-26,4195.990234375,0.18768165702687245,1
2021-05-27,4200.8798828125,0.11653145418315525,1
2021-05-28,4204.10986328125,0.07688818911402162,0
2021-06-01,4202.0400390625,-0.04923335226864056,1
2021-06-02,4208.1201171875,0.14469348384307246,0
2021-06-03,4192.85009765625,-0.36287033416374515,1
2021-06-04,4229.89013671875,0.8834095710505974,0
2021-06-07,4226.52001953125,-0.07967387044511831,1
2021-06-08,4227.259765625,0.01750248645058239,0
2021-06-09,4219.5498046875,-0.18238673194856947,1
2021-06-10,4239.18017578125,0.46522430122621916,1
2021-06-11,4247.43994140625,0.19484346695590737,1
2021-06-14,4255.14990234375,0.18152018730952513,0
2021-06-15,4246.58984375,-0.20116937805257917,0
2021-06-16,4223.7001953125,-0.5390124612855707,0
2021-06-17,4221.85986328125,-0.043571559205179966,0
2021-06-18,4166.4501953125,-1.3124468779900589,1
2021-06-21,4224.7900390625,1.4002289962720793,1
2021-06-22,4246.43994140625,0.5124491902218642,0
2021-06-23,4241.83984375,-0.10832833431588806,1
2021-06-24,4266.490234375,0.5811249724885448,1
2021-06-25,4280.7001953125,0.33305973193167304,1
2021-06-28,4290.60986328125,0.23149642620619026,1
2021-06-29,4291.7998046875,0.027733619326086867,1
2021-06-30,4297.5,0.1328159646746485,1
2021-07-01,4319.93994140625,0.522162685427574,1
2021-07-02,4352.33984375,0.7500081663913916,0
2021-07-06,4343.5400390625,-0.20218560598241897,1
2021-07-07,4358.1298828125,0.3358975310182588,0
2021-07-08,4320.81982421875,-0.8561024934316985,1
2021-07-09,4369.5498046875,1.1277947808795874,1
2021-07-12,4384.6298828125,0.34511743312370946,0
2021-07-13,4369.2099609375,-0.3516812658565627,1
2021-07-14,4374.2998046875,0.11649345752446916,0
2021-07-15,4360.02978515625,-0.32622408541723713,0
2021-07-16,4327.16015625,-0.7538854211077806,0
2021-07-19,4258.490234375,-1.5869512427409305,1
2021-07-20,4323.06005859375,1.5162609437855634,1
2021-07-21,4358.68994140625,0.8241819990835397,1
2021-07-22,4367.47998046875,0.20166699583279435,1
2021-07-23,4411.7900390625,1.0145452020822843,1
2021-07-26,4422.2998046875,0.23821998626283314,0
2021-07-27,4401.4599609375,-0.47124448070912095,0
2021-07-28,4400.64013671875,-0.01862618826539153,1
2021-07-29,4419.14990234375,0.42061529800074826,0
2021-07-30,4395.259765625,-0.540604805147693,0
2021-08-02,4387.16015625,-0.1842805614891363,1
2021-08-03,4423.14990234375,0.82034265474622,0
2021-08-04,4402.66015625,-0.4632387901412294,1
2021-08-05,4429.10009765625,0.6005446813494242,1
2021-08-06,4436.52001953125,0.1675266241764728,0
2021-08-09,4432.35009765625,-0.09399082741974318,1
2021-08-10,4436.75,0.09926793341701323,1
2021-08-11,4442.41015625,0.12757437876824707,1
2021-08-12,4460.830078125,0.4146380281677686,1
2021-08-13,4468.0,0.1607306655808216,1
2021-08-16,4479.7099609375,0.2620850702215849,0
2021-08-17,4448.080078125,-0.706069881494753,0
2021-08-18,4400.27001953125,-1.0748470745585936,1
2021-08-19,4405.7998046875,0.12566922329095842,1
2021-08-20,4441.669921875,0.8141567655737925,1
2021-08-23,4479.52978515625,0.8523790364248329,1
2021-08-24,4486.22998046875,0.14957363013194946,1
2021-08-25,4496.18994140625,0.2220118224179668,0
2021-08-26,4470.0,-0.5824918819612557,1
2021-08-27,4509.3701171875,0.8807632480425154,1
2021-08-30,4528.7900390625,0.4306570844779589,0
2021-08-31,4522.68017578125,-0.13491160395050494,1
2021-09-01,4524.08984375,0.03116886257619189,1
2021-09-02,4536.9501953125,0.2842638410522902,0
2021-09-03,4535.43017578125,-0.03350311257153127,0
2021-09-07,4520.02978515625,-0.3395574405981705,0
2021-09-08,4514.06982421875,-0.1318566739775151,0
2021-09-09,4493.27978515625,-0.4605608657393345,0
2021-09-10,4458.580078125,-0.7722578759925436,1
2021-09-13,4468.72998046875,0.22764876184568905,0
2021-09-14,4443.0498046875,-0.574663850657553,1
2021-09-15,4480.7001953125,0.8473996979569742,0
2021-09-16,4473.75,-0.15511404489350067,0
2021-09-17,4432.990234375,-0.9110872450405094,0
2021-09-20,4357.72998046875,-1.697731100841482,0
2021-09-21,4354.18994140625,-0.08123585165593639,1
2021-09-22,4395.64013671875,0.9519611195260236,1
2021-09-23,4448.97998046875,1.2134715784494876,1
2021-09-24,4455.47998046875,0.1461009046688222,0
2021-09-27,4443.10986328125,-0.27763826213396126,0
2021-09-28,4352.6298828125,-2.0364110556098214,1
2021-09-29,4359.4599609375,0.15691842194003325,0
2021-09-30,4307.5400390625,-1.1909714125195148,1
2021-10-01,4357.0400390625,1.149147763018199,0
2021-10-04,4300.4599609375,-1.2985898136748442,1
2021-10-05,4345.72021484375,1.0524514660609219,1
2021-10-06,4363.5498046875,0.41027928541854664,1
2021-10-07,4399.759765625,0.8298280656405366,0
2021-10-08,4391.33984375,-0.19137230947889883,0
2021-10-11,4361.18994140625,-0.6865763848056816,0
2021-10-12,4350.64990234375,-0.24167805585421087,1
2021-10-13,4363.7998046875,0.302251448379387,1
2021-10-14,4438.259765625,1.7063101945583359,1
2021-10-15,4471.3701171875,0.7460210377712606,1
2021-10-18,4486.4599609375,0.337476955709759,1
2021-10-19,4519.6298828125,0.7393339551406308,1
2021-10-20,4536.18994140625,0.36640298040166996,1
2021-10-21,4549.77978515625,0.2995871849622578,0
2021-10-22,4544.89990234375,-0.10725536274130976,1
2021-10-25,4566.47998046875,0.4748196569493546,1
2021-10-26,4574.7900390625,0.18197952535197182,0
2021-10-27,4551.68017578125,-0.5051568068462853,1
2021-10-28,4596.419921875,0.9829281576461124,1
2021-10-29,4605.3798828125,0.1949334719149265,1
2021-11-01,4613.669921875,0.18000771431341267,1
2021-11-02,4630.64990234375,0.36803630854131963,1
2021-11-03,4660.56982421875,0.6461279195357994,1
2021-11-04,4680.06005859375,0.4181942361150437,1
2021-11-05,4697.52978515625,0.3732799652949259,1
2021-11-08,4701.7001953125,0.08877879113036169,0
2021-11-09,4685.25,-0.3498775895770745,0
2021-11-10,4646.7099609375,-0.8225823395229703,1
2021-11-11,4649.27001953125,0.05509400447352153,1
2021-11-12,4682.85009765625,0.7222656026415475,0
2021-11-15,4682.7998046875,-0.0010739820344718431,1
2021-11-16,4700.89990234375,0.3865229864862485,0
2021-11-17,4688.669921875,-0.2601625374463401,1
2021-11-18,4704.5400390625,0.33847802152713324,0
2021-11-19,4697.9599609375,-0.1398665559303236,0
2021-11-22,4682.93994140625,-0.31971365563219223,1
2021-11-23,4690.7001953125,0.1657132912945114,1
2021-11-24,4701.4599609375,0.22938506357221833,0
2021-11-26,4594.6201171875,-2.2724822637582465,1
2021-11-29,4655.27001953125,1.3200199537034996,0
2021-11-30,4567.0,-1.896131033450521,0
2021-12-01,4513.0400390625,-1.1815187417889228,1
2021-12-02,4577.10009765625,1.419443613158311,0
2021-12-03,4538.43017578125,-0.8448563730297565,1
2021-12-06,4591.669921875,1.1730872577451423,1
2021-12-07,4686.75,2.0707080374404274,1
2021-12-08,4701.2099609375,0.30852853123166657,0
2021-12-09,4667.4501953125,-0.7181080169894716,1
2021-12-10,4712.02001953125,0.9549073338481762,0
2021-12-13,4668.97021484375,-0.9136167611567658,0
2021-12-14,4634.08984375,-0.7470677577436025,1
2021-12-15,4709.85009765625,1.6348464630746795,0
2021-12-16,4668.669921875,-0.8743415379980468,0
2021-12-17,4620.64013671875,-1.0287680637092622,0
2021-12-20,4568.02001953125,-1.138805785140995,1
2021-12-21,4649.22998046875,1.7777934551572505,1
2021-12-22,4696.56005859375,1.0180197220578835,1
2021-12-23,4725.7900390625,0.6223699921661829,1
2021-12-27,4791.18994140625,1.383893524747526,0
2021-12-28,4786.35009765625,-0.10101548486260992,1
2021-12-29,4793.06005859375,0.14018951394270118,0
2021-12-30,4778.72998046875,-0.29897555945093135,0
2021-12-31,4766.18017578125,-0.2626179913657545,1
2022-01-03,4796.56005859375,0.6374052530970564,0
2022-01-04,4793.5400390625,-0.0629621957060511,0
2022-01-05,4700.580078125,-1.9392757790687165,0
2022-01-06,4696.0498046875,-0.09637690162076495,0
2022-01-07,4677.02978515625,-0.4050216740091761,0
2022-01-10,4670.2900390625,-0.14410312534549607,1
2022-01-11,4713.06982421875,0.9159984668711818,1
2022-01-12,4726.35009765625,0.2817754443029452,0
2022-01-13,4659.02978515625,-1.42436152864307,1
2022-01-14,4662.85009765625,0.08199802697488323,0
2022-01-18,4577.10986328125,-1.8387945694007368,0
2022-01-19,4532.759765625,-0.9689541868338813,0
2022-01-20,4482.72998046875,-1.103737849414832,0
2022-01-21,4397.93994140625,-1.8914821867908604,1
2022-01-24,4410.1298828125,0.2771738943381896,0
2022-01-25,4356.4501953125,-1.2171906253646725,0
2022-01-26,4349.93017578125,-0.1496635847751837,0
2022-01-27,4326.509765625,-0.538408875771057,1
2022-01-28,4431.85009765625,2.4347646888076113,1
2022-01-31,4515.5498046875,1.8885951732779516,1
2022-02-01,4546.5400390625,0.686300355780145,1
2022-02-02,4589.3798828125,0.942251544733641,0
2022-02-03,4477.43994140625,-2.4391082077444004,1
2022-02-04,4500.52978515625,0.5156929864423399,0
2022-02-07,4483.8701171875,-0.37017126347429485,1
2022-02-08,4521.5400390625,0.8401207191663262,1
2022-02-09,4587.18017578125,1.4517207887505545,0
2022-02-10,4504.080078125,-1.811572566845976,0
2022-02-11,4418.64013671875,-1.896945434456343,0
2022-02-14,4401.669921875,-0.38405967262932217,1
2022-02-15,4471.06982421875,1.5766721170720421,1
2022-02-16,4475.009765625,0.08812077558950637,0
2022-02-17,4380.259765625,-2.1173138152195015,0
2022-02-18,4348.8701171875,-0.71661613961429,0
2022-02-22,4304.759765625,-1.0142945264832837,0
2022-02-23,4225.5,-1.8412122845487655,1
2022-02-24,4288.7001953125,1.4956856067329216,1
2022-02-25,4384.64990234375,2.237267765560347,0
2022-02-28,4373.93994140625,-0.24426034406476171,0
2022-03-01,4306.259765625,-1.5473503680411893,1
2022-03-02,4386.5400390625,1.8642691757321028,0
2022-03-03,4363.490234375,-0.5254666430088317,0
2022-03-04,4328.8701171875,-0.7934042550334475,0
2022-03-07,4201.08984375,-2.951815831344917,0
2022-03-08,4170.7001953125,-0.723375351819977,1
2022-03-09,4277.8798828125,2.569824789143582,0
2022-03-10,4259.52001953125,-0.4291813651667864,0
2022-03-11,4204.31005859375,-1.2961545123475138,0
2022-03-14,4173.10986328125,-0.7421002465963666,1
2022-03-15,4262.4501953125,2.140857417087094,1
2022-03-16,4357.85986328125,2.238376135718223,1
2022-03-17,4411.669921875,1.234781757145198,1
2022-03-18,4463.1201171875,1.1662294827948783,0
2022-03-21,4461.18017578125,-0.043466036210393355,1
2022-03-22,4511.60986328125,1.13041136006502,0
2022-03-23,4456.240234375,-1.2272698789159042,1
2022-03-24,4520.16015625,1.434391292056647,1
2022-03-25,4543.06005859375,0.5066170567449069,1
2022-03-28,4575.52001953125,0.7144955276586762,1
2022-03-29,4631.60009765625,1.2256547427530462,0
2022-03-30,4602.4501953125,-0.629370017469788,0
2022-03-31,4530.41015625,-1.5652540713177343,1
2022-04-01,4545.85986328125,0.34102225843584133,1
2022-04-04,4582.64013671875,0.8090938687879357,0
2022-04-05,4525.1201171875,-1.2551720801807331,0
2022-04-06,4481.14990234375,-0.9716916613271898,1
2022-04-07,4500.2099609375,0.4253385628492534,0
2022-04-08,4488.27978515625,-0.2651026482054286,0
2022-04-11,4412.52978515625,-1.687729010355421,0
2022-04-12,4397.4501953125,-0.3417447717741773,1
2022-04-13,4446.58984375,1.1174577597236057,0
2022-04-14,4392.58984375,-1.214413784439794,0
2022-04-18,4391.68994140625,-0.02048682840329885,1
2022-04-19,4462.2099609375,1.6057604355527166,0
2022-04-20,4459.4501953125,-0.06184750715809706,0
2022-04-21,4393.66015625,-1.4752948498371943,0
2022-04-22,4271.77978515625,-2.7740054250753654,1
2022-04-25,4296.1201171875,0.5697936985382235,0
2022-04-26,4175.2001953125,-2.8146308431003852,1
2022-04-27,4183.9599609375,0.20980468517017847,1
2022-04-28,4287.5,2.474690007293945,0
2022-04-29,4131.93017578125,-3.6284507106413955,1
2022-05-02,4155.3798828125,0.5675242812353654,1
2022-05-03,4175.47998046875,0.48371263814863674,1
2022-05-04,4300.169921875,2.986242108440229,0
2022-05-05,4146.8701171875,-3.5649708609806985,0
2022-05-06,4123.33984375,-0.5674224842484032,0
2022-05-09,3991.239990234375,-3.2037100632356763,1
2022-05-10,4001.050048828125,0.24578974498534745,0
2022-05-11,3935.179931640625,-1.646320750393837,0
2022-05-12,3930.080078125,-0.12959645058717717,1
2022-05-13,4023.889892578125,2.386969542307149,0
2022-05-16,4008.010009765625,-0.3946400929555671,1
2022-05-17,4088.85009765625,2.0169632234863677,0
2022-05-18,3923.679931640625,-4.03952607874526,0
2022-05-19,3900.7900390625,-0.5833781800992588,1
2022-05-20,3901.360107421875,0.014614176965843662,1
2022-05-23,3973.75,1.8555039930923556,0
2022-05-24,3941.47998046875,-0.8120797617175213,1
2022-05-25,3978.72998046875,0.9450764734207695,1
2022-05-26,4057.840087890625,1.9883256167224195,1
2022-05-27,4158.240234375,2.474226295510973,0
2022-05-31,4132.14990234375,-0.6274368617659065,0
2022-06-01,4101.22998046875,-0.7482768681131846,1
2022-06-02,4176.81982421875,1.8431018038486124,0
2022-06-03,4108.5400390625,-1.6347313992415624,1
2022-06-06,4121.43017578125,0.3137400778913113,1
2022-06-07,4160.68017578125,0.9523393173235029,0
2022-06-08,4115.77001953125,-1.0793945785935621,0
2022-06-09,4017.820068359375,-2.379869397635359,0
2022-06-10,3900.860107421875,-2.9110303335524668,0
2022-06-13,3749.6298828125,-3.8768430665237275,0
2022-06-14,3735.47998046875,-0.37736797459957394,1
2022-06-15,3789.989990234375,1.4592504858983224,0
2022-06-16,3666.77001953125,-3.2511951488163437,1
2022-06-17,3674.840087890625,0.2200865698254617,1
2022-06-21,3764.7900390625,2.4477242280086964,0
2022-06-22,3759.889892578125,-0.13015723144006452,1
2022-06-23,3795.72998046875,0.9532217409177868,1
2022-06-24,3911.739990234375,3.056329358583576,0
2022-06-27,3900.110107421875,-0.2973071533776239,0
2022-06-28,3821.550048828125,-2.0143036075892073,0
2022-06-29,3818.830078125,-0.07117454091590814,0
2022-06-30,3785.3798828125,-0.8759278267998716,1
2022-07-01,3825.330078125,1.0553814029047315,1
2022-07-05,3831.389892578125,0.15841285142366157,1
2022-07-06,3845.080078125,0.35731642904301975,1
2022-07-07,3902.6201171875,1.4964587965241805,0
2022-07-08,3899.3798828125,-0.0830271529819071,0
2022-07-11,3854.429931640625,-1.1527461422777274,0
2022-07-12,3818.800048828125,-0.9243878717321574,0
2022-07-13,3801.780029296875,-0.44569025122100925,0
2022-07-14,3790.3798828125,-0.299863390215227,1
2022-07-15,3863.159912109375,1.9201249359436678,0
2022-07-18,3830.85009765625,-0.8363571580831342,1
2022-07-19,3936.68994140625,2.762829164595959,1
2022-07-20,3959.89990234375,0.5895806193263242,1
2022-07-21,3998.949951171875,0.986137270919718,0
2022-07-22,3961.6298828125,-0.9332466976346709,1
2022-07-25,3966.840087890625,0.13151670479691902,0
2022-07-26,3921.050048828125,-1.154320266205866,1
2022-07-27,4023.610107421875,2.6156273782937722,1
2022-07-28,4072.429931640625,1.2133338697180918,1
2022-07-29,4130.2900390625,1.4207760082581844,0
2022-08-01,4118.6298828125,-0.28230841271976725,0
2022-08-02,4091.18994140625,-0.6662395550704803,1
2022-08-03,4155.169921875,1.5638477163140152,0
2022-08-04,4151.93994140625,-0.07773401640558397,0
2022-08-05,4145.18994140625,-0.16257460597355333,0
2022-08-08,4140.06005859375,-0.12375507238541195,0
2022-08-09,4122.47021484375,-0.4248692893594086,1
2022-08-10,4210.240234375,2.1290637641290244,0
2022-08-11,4207.27001953125,-0.07054739583503,1
2022-08-12,4280.14990234375,1.7322368774566943,1
2022-08-15,4297.14013671875,0.39695418998517695,1
2022-08-16,4305.2001953125,0.18756797165810912,0
2022-08-17,4274.0400390625,-0.7237794954094601,1
2022-08-18,4283.740234375,0.2269561170191503,0
2022-08-19,4228.47998046875,-1.2900001139847905,0
2022-08-22,4137.990234375,-2.14000649197158,0
2022-08-23,4128.72998046875,-0.22378626777133093,1
2022-08-24,4140.77001953125,0.29161604463010526,1
2022-08-25,4199.1201171875,1.4091605518061545,0
2022-08-26,4057.659912109375,-3.3688058719518743,0
2022-08-29,4030.610107421875,-0.6666355799502699,0
2022-08-30,3986.159912109375,-1.1028155571448206,0
2022-08-31,3955.0,-0.7817025105971265,1
2022-09-01,3966.85009765625,0.29962320243361873,0
2022-09-02,3924.260009765625,-1.0736500458081055,0
2022-09-06,3908.18994140625,-0.4095056983834944,1
2022-09-07,3979.8701171875,1.8341016392734,1
2022-09-08,4006.179931640625,0.6610721877456038,1
2022-09-09,4067.360107421875,1.5271449816332883,1
2022-09-12,4110.41015625,1.05842727693497,0
2022-09-13,3932.68994140625,-4.32366134006168,1
2022-09-14,3946.010009765625,0.33870120853238816,0
2022-09-15,3901.35009765625,-1.1317739184353415,0
2022-09-16,3873.330078125,-0.7182134089448455,1
2022-09-19,3899.889892578125,0.6857100716286535,0
2022-09-20,3855.929931640625,-1.1272103097361819,0
2022-09-21,3789.929931640625,-1.7116493600784488,0
2022-09-22,3757.989990234375,-0.8427580979689431,0
2022-09-23,3693.22998046875,-1.7232619015461026,0
2022-09-26,3655.0400390625,-1.0340526208282075,0
2022-09-27,3647.2900390625,-0.21203598092424114,1
2022-09-28,3719.0400390625,1.9672139926234733,0
2022-09-29,3640.469970703125,-2.1126437880238824,0
2022-09-30,3585.6201171875,-1.5066695771983274,1
2022-10-03,3678.429931640625,2.5883894952576147,1
2022-10-04,3790.929931640625,3.0583700679551518,0
2022-10-05,3783.280029296875,-0.2017948757084831,0
2022-10-06,3744.52001953125,-1.0245080846639998,0
2022-10-07,3639.659912109375,-2.8003617786773516,0
2022-10-10,3612.389892578125,-0.749246363390188,0
2022-10-11,3588.840087890625,-0.6519175777754405,0
2022-10-12,3577.030029296875,-0.3290773148014958,1
2022-10-13,3669.909912109375,2.596564246086497,0
2022-10-14,3583.070068359375,-2.366266361565439,1
2022-10-17,3677.949951171875,2.6480052302171098,1
2022-10-18,3719.97998046875,1.1427569666488724,0
2022-10-19,3695.159912109375,-0.6672097293450308,0
2022-10-20,3665.780029296875,-0.7950909706564868,1
2022-10-21,3752.75,2.372481982226482,1
2022-10-24,3797.340087890625,1.1881976654619875,1
2022-10-25,3859.110107421875,1.6266654579669915,0
2022-10-26,3830.60009765625,-0.7387716072364547,0
2022-10-27,3807.300048828125,-0.6082610618211248,1
2022-10-28,3901.06005859375,2.46263778959277,0
2022-10-31,3871.97998046875,-0.745440410765752,0
2022-11-01,3856.10009765625,-0.4101230608784645,0
2022-11-02,3759.68994140625,-2.500198485734284,0
2022-11-03,3719.889892578125,-1.058599231542967,1
2022-11-04,3770.550048828125,1.3618724670070526,1
2022-11-07,3806.800048828125,0.9613981920559844,1
2022-11-08,3828.110107421875,0.5597892802462701,0
2022-11-09,3748.570068359375,-2.077788695478977,1
2022-11-10,3956.3701171875,5.543448436034493,1
2022-11-11,3992.929931640625,0.9240746788147902,0
2022-11-14,3957.25,-0.8935777048800997,1
2022-11-15,3991.72998046875,0.8713116550319144,0
2022-11-16,3958.7900390625,-0.8252046497990273,0
2022-11-17,3946.56005859375,-0.30893228355314273,1
2022-11-18,3965.340087890625,0.47585819088147296,0
2022-11-21,3949.93994140625,-0.3883688698329779,1
2022-11-22,4003.580078125,1.3579987927526016,1
2022-11-23,4027.260009765625,0.5914689147847652,0
2022-11-25,4026.1201171875,-0.02830441976333642,0
2022-11-28,3963.93994140625,-1.5444192913123267,0
2022-11-29,3957.6298828125,-0.15918653377758885,1
2022-11-30,4080.110107421875,3.0947872397389053,0
2022-12-01,4076.570068359375,-0.08676332180498347,0
2022-12-02,4071.699951171875,-0.1194660488065602,0
2022-12-05,3998.840087890625,-1.7894212283564803,0
2022-12-06,3941.260009765625,-1.4399194981406072,0
2022-12-07,3933.919921875,-0.18623708845491027,1
2022-12-08,3963.510009765625,0.752178195750397,0
2022-12-09,3934.3798828125,-0.7349578247904498,1
2022-12-12,3990.56005859375,1.4279296218109305,1
2022-12-13,4019.64990234375,0.728966443879342,0
2022-12-14,3995.320068359375,-0.6052724634100337,0
2022-12-15,3895.75,-2.4921675023714007,0
2022-12-16,3852.360107421875,-1.1137750774080746,0
2022-12-19,3817.659912109375,-0.9007516001852345,1
2022-12-20,3821.6201171875,0.10373383615349674,1
2022-12-21,3878.43994140625,1.4867993802734736,0
2022-12-22,3822.389892578125,-1.445169956861636,1
2022-12-23,3844.820068359375,0.5868102525282026,0
2022-12-27,3829.25,-0.4049622110409712,0
2022-12-28,3783.219970703125,-1.2020638322615351,1
2022-12-29,3849.280029296875,1.7461331644819111,0
2022-12-30,3839.5,-0.25407424823445934,0
2023-01-03,3824.139892578125,-0.4000548879248611,1
2023-01-04,3852.969970703125,0.7538970575044379,0
2023-01-05,3808.10009765625,-1.1645528874622113,1
2023-01-06,3895.080078125,2.284078102943865,0
2023-01-09,3892.090087890625,-0.07676325452631305,1
2023-01-10,3919.25,0.6978233159061986,1
2023-01-11,3969.610107421875,1.2849424614881588,1
2023-01-12,3983.169921875,0.34159058663651987,1
2023-01-13,3999.090087890625,0.39968583635343613,0
2023-01-17,3990.969970703125,-0.20304911890052235,0
2023-01-18,3928.860107421875,-1.5562598500411085,0
2023-01-19,3898.85009765625,-0.7638350296294338,1
2023-01-20,3972.610107421875,1.8918401045981525,1
2023-01-23,4019.81005859375,1.188134498366522,0
2023-01-24,4016.949951171875,-0.07115031258156934,0
2023-01-25,4016.219970703125,-0.01817250594663422,1
2023-01-26,4060.429931640625,1.1007853469181317,1
2023-01-27,4070.56005859375,0.2494840970949097,0
2023-01-30,4017.77001953125,-1.296874098468337,1
2023-01-31,4076.60009765625,1.4642470285510134,1
2023-02-01,4119.2099609375,1.045230394459029,1
2023-02-02,4179.759765625,1.4699373244309921,0
2023-02-03,4136.47998046875,-1.0354610691310495,0
2023-02-06,4111.080078125,-0.6140463017754394,1
2023-02-07,4164.0,1.287251059802652,0
2023-02-08,4117.85986328125,-1.1080724476164705,0
2023-02-09,4081.5,-0.8829796177735161,1
2023-02-10,4090.4599609375,0.21952617756952897,1
2023-02-13,4137.2900390625,1.1448609342766147,0
2023-02-14,4136.1298828125,-0.02804145319874607,1
2023-02-15,4147.60009765625,0.2773175690496066,0
2023-02-16,4090.409912109375,-1.3788741489130674,0
2023-02-17,4079.090087890625,-0.2767405825327751,0
2023-02-21,3997.340087890625,-2.0041234255327334,0
2023-02-22,3991.050048828125,-0.1573556145886834,1
2023-02-23,4012.320068359375,0.5329429416074394,0
2023-02-24,3970.0400390625,-1.0537551485558128,1
2023-02-27,3982.239990234375,0.30730045671669703,0
2023-02-28,3970.14990234375,-0.30360018281855305,0
2023-03-01,3951.389892578125,-0.4725264845680033,1
2023-03-02,3981.35009765625,0.7582194086794392,1
2023-03-03,4045.639892578125,1.6147737160748799,1
2023-03-06,4048.419921875,0.06871667698291617,0
2023-03-07,3986.3701171875,-1.5326919115337678,1
2023-03-08,3992.010009765625,0.141479401368394,0
2023-03-09,3918.320068359375,-1.845935787384867,0
2023-03-10,3861.590087890625,-1.447813845705137,0
2023-03-13,3855.760009765625,-0.1509761003189447,1
2023-03-14,3919.2900390625,1.6476655480623936,0
2023-03-15,3891.929931640625,-0.698088356543769,1
2023-03-16,3960.280029296875,1.7562006217166637,0
2023-03-17,3916.639892578125,-1.1019457310067593,1
2023-03-20,3951.570068359375,0.8918403718310097,1
2023-03-21,4002.8701171875,1.2982193897784988,0
2023-03-22,3936.969970703125,-1.6463223775713631,1
2023-03-23,3948.719970703125,0.2984528733375402,1
2023-03-24,3970.989990234375,0.5639807253104534,1
2023-03-27,3977.530029296875,0.16469543057482383,0
2023-03-28,3971.27001953125,-0.15738434957162095,1
2023-03-29,4027.81005859375,1.423726887983645,1
2023-03-30,4050.830078125,0.5715269388667954,1
2023-03-31,4109.31005859375,1.4436542471763847,1
2023-04-03,4124.509765625,0.36988464765423945,0
2023-04-04,4100.60009765625,-0.5796972083329965,0
2023-04-05,4090.3798828125,-0.2492370531228194,1
2023-04-06,4105.02001953125,0.35791630944272956,1
2023-04-10,4109.10986328125,0.09963029974375814,0
2023-04-11,4108.93994140625,-0.004135247794623265,0
2023-04-12,4091.949951171875,-0.4134884052006904,1
2023-04-13,4146.22021484375,1.326268999363811,0
2023-04-14,4137.64013671875,-0.20693734728036706,1
2023-04-17,4151.31982421875,0.330615690296554,1
2023-04-18,4154.8701171875,0.08552202959737354,0
2023-04-19,4154.52001953125,-0.00842619976980652,0
2023-04-20,4129.7900390625,-0.595254815297297,1
2023-04-21,4133.52001953125,0.09031888869577287,1
2023-04-24,4137.0400390625,0.08515791660903549,0
2023-04-25,4071.6298828125,-1.5810858882773227,0
2023-04-26,4055.989990234375,-0.3841187197329843,1
2023-04-27,4135.35009765625,1.956614972249704,1
2023-04-28,4169.47998046875,0.8253202753460531,0
2023-05-01,4167.8701171875,-0.03861064902076494,0
2023-05-02,4119.580078125,-1.1586262936400304,0
2023-05-03,4090.75,-0.6998305064656485,0
2023-05-04,4061.219970703125,-0.7218732334382416,1
2023-05-05,4136.25,1.8474751389515376,1
2023-05-08,4138.1201171875,0.04521286642489297,0
2023-05-09,4119.169921875,-0.4579421277258522,1
2023-05-10,4137.64013671875,0.44839652634049987,0
2023-05-11,4130.6201171875,-0.16966239932159066,0
2023-05-12,4124.080078125,-0.15833068345566526,1
2023-05-15,4136.27978515625,0.2958164439133881,0
2023-05-16,4109.89990234375,-0.6377683373153031,1
2023-05-17,4158.77001953125,1.1890829058788244,1
2023-05-18,4198.0498046875,0.9445048649426635,0
2023-05-19,4191.97998046875,-0.14458676054706077,1
2023-05-22,4192.6298828125,0.01550346964389604,0
2023-05-23,4145.580078125,-1.122202674755013,0
2023-05-24,4115.240234375,-0.7318600335353365,1
2023-05-25,4151.27978515625,0.8757581265902425,1
2023-05-26,4205.4501953125,1.304908677799732,1
2023-05-30,4205.52001953125,0.001660326849850513,0
2023-05-31,4179.830078125,-0.6108624209833935,1
2023-06-01,4221.02001953125,0.9854453563032717,1
2023-06-02,4282.3701171875,1.4534424705965554,0
2023-06-05,4273.7900390625,-0.20035816359177394,1
2023-06-06,4283.85009765625,0.23538963079141606,0
2023-06-07,4267.52001953125,-0.38120096998572883,1
2023-06-08,4293.93017578125,0.6188642614241457,1
2023-06-09,4298.85986328125,0.1148059539441082,1
2023-06-12,4338.93017578125,0.9321148810237156,1
2023-06-13,4369.009765625,0.6932489951473775,1
2023-06-14,4372.58984375,0.08194255259321714,1
2023-06-15,4425.83984375,1.217813742034668,0
2023-06-16,4409.58984375,-0.36716195284263176,0
2023-06-20,4388.7099609375,-0.47351076976228645,0
2023-06-21,4365.68994140625,-0.5245281583003636,1
2023-06-22,4381.89013671875,0.3710798414438443,0
2023-06-23,4348.330078125,-0.7658808766684566,0
2023-06-26,4328.81982421875,-0.44868382932564677,1
2023-06-27,4378.41015625,1.1455854954693034,0
2023-06-28,4376.85986328125,-0.035407668843834283,1
2023-06-29,4396.43994140625,0.4473544672805918,1
2023-06-30,4450.3798828125,1.2269004495714109,1
2023-07-03,4455.58984375,0.11706778016009611,0
2023-07-05,4446.81982421875,-0.19683184132291975,0
2023-07-06,4411.58984375,-0.7922511336500904,0
2023-07-07,4398.9501953125,-0.28651005386203243,1
2023-07-10,4409.52978515625,0.2405026057131332,1
2023-07-11,4439.259765625,0.674221105588857,1
2023-07-12,4472.16015625,0.7411233485312474,1
2023-07-13,4510.0400390625,0.8470153458069118,0
2023-07-14,4505.419921875,-0.10244071333035398,1
2023-07-17,4522.7900390625,0.38553825145495324,1
2023-07-18,4554.97998046875,0.7117275205842377,1
2023-07-19,4565.72021484375,0.2357910335732072,0
2023-07-20,4534.8701171875,-0.6756896218903741,1
2023-07-21,4536.33984375,0.03240945218980773,1
2023-07-24,4554.64013671875,0.4034153877153557,1
2023-07-25,4567.4599609375,0.2814673351556163,0
2023-07-26,4566.75,-0.015543889679858758,0
2023-07-27,4537.41015625,-0.6424666064487883,1
2023-07-28,4582.22998046875,0.9877842794752345,1
2023-07-31,4588.9599609375,0.14687129405193122,0
2023-08-01,4576.72998046875,-0.2665087639215691,0
2023-08-02,4513.39013671875,-1.3839541336347905,0
2023-08-03,4501.89013671875,-0.25479738404268204,0
2023-08-04,4478.02978515625,-0.5300074155050516,1
2023-08-07,4518.43994140625,0.902409277936278,0
2023-08-08,4499.3798828125,-0.4218283044793103,0
2023-08-09,4467.7099609375,-0.7038730380597102,1
2023-08-10,4468.830078125,0.025071394456976925,0
2023-08-11,4464.0498046875,-0.10696923700230787,1
2023-08-14,4489.72021484375,0.5750475751703066,0
2023-08-15,4437.85986328125,-1.1550909428841738,0
2023-08-16,4404.330078125,-0.7555395210577687,0
2023-08-17,4370.35986328125,-0.7712913029036983,0
2023-08-18,4369.7099609375,-0.014870682600087726,1
2023-08-21,4399.77001953125,0.6879188518795987,0
2023-08-22,4387.5498046875,-0.2777466728829614,1
2023-08-23,4436.009765625,1.1044879965972587,0
2023-08-24,4376.31005859375,-1.3457974663146133,1
2023-08-25,4405.7099609375,0.6717966037625089,1
2023-08-28,4433.31005859375,0.6264619755036449,1
2023-08-29,4497.6298828125,1.450830719454621,1
2023-08-30,4514.8701171875,0.3833182103508026,0
2023-08-31,4507.66015625,-0.1596936512094249,1
2023-09-01,4515.77001953125,0.1799129260001031,0
2023-09-05,4496.830078125,-0.4194177587506065,0
2023-09-06,4465.47998046875,-0.6971599351452862,0
2023-09-07,4451.14013671875,-0.32112659361860363,1
2023-09-08,4457.490234375,0.14266227216406246,1
2023-09-11,4487.4599609375,0.6723453106275201,0
2023-09-12,4461.89990234375,-0.5695885604828921,1
2023-09-13,4467.43994140625,0.12416323054647016,1
2023-09-14,4505.10009765625,0.8429918867167929,0
2023-09-15,4450.31982421875,-1.2159612938677844,1
2023-09-18,4453.52978515625,0.07212876971294246,0
2023-09-19,4443.9501953125,-0.2151010615372817,0
2023-09-20,4402.2001953125,-0.9394794758059599,0
2023-09-21,4330.0,-1.6400934103219411,0
2023-09-22,4320.06005859375,-0.22955984771939608,1
2023-09-25,4337.43994140625,0.40230650909416354,0
2023-09-26,4273.52978515625,-1.4734533990868215,1
2023-09-27,4274.509765625,0.022931406074522265,1
2023-09-28,4299.7001953125,0.5893173970516585,0
2023-09-29,4288.0498046875,-0.2709582086142026,1
2023-10-02,4288.39013671875,0.007936755559079245,0
2023-10-03,4229.4501953125,-1.3744071674259506,1
2023-10-04,4263.75,0.8109754957160709,0
2023-10-05,4258.18994140625,-0.1304030159777203,1
2023-10-06,4308.5,1.1814893014644445,1
2023-10-09,4335.66015625,0.630385429964031,1
2023-10-10,4358.240234375,0.5207990781392224,1
2023-10-11,4376.9501953125,0.429300817103373,0
2023-10-12,4349.60986328125,-0.624643434611849,0
2023-10-13,4327.77978515625,-0.5018858888767519,1
2023-10-16,4373.6298828125,1.059436938392988,0
2023-10-17,4373.2001953125,-0.009824505308242415,0
2023-10-18,4314.60009765625,-1.3399820506516447,0
2023-10-19,4278.0,-0.8482848196321058,0
2023-10-20,4224.16015625,-1.2585283719027562,0
2023-10-23,4217.0400390625,-0.16855698941634634,1
2023-10-24,4247.68017578125,0.7265792222727274,0
2023-10-25,4186.77001953125,-1.4339628627712542,0
2023-10-26,4137.22998046875,-1.1832519778109618,0
2023-10-27,4117.3701171875,-0.48002802297685276,1
2023-10-30,4166.81982421875,1.2010022325859904,1
2023-10-31,4193.7998046875,0.6474957307233353,1
2023-11-01,4237.85986328125,1.0505999486313922,1
2023-11-02,4317.77978515625,1.885855702012762,1
2023-11-03,4358.33984375,0.9393730253031363,1
2023-11-06,4365.97998046875,0.17529924220356374,1
2023-11-07,4378.3798828125,0.28401189192852616,1
2023-11-08,4382.77978515625,0.10049156221052513,0
2023-11-09,4347.35009765625,-0.8083839306732843,1
2023-11-10,4415.240234375,1.5616441094852496,0
2023-11-13,4411.5498046875,-0.08358389332403515,1
2023-11-14,4495.7001953125,1.9075017703661823,1
2023-11-15,4502.8798828125,0.15970120755575135,1
2023-11-16,4508.240234375,0.11904273935798848,1
2023-11-17,4514.02001953125,0.12820490603360213,1
2023-11-20,4547.3798828125,0.7390278097329839,0
2023-11-21,4538.18994140625,-0.20209310950652926,1
2023-11-22,4556.6201171875,0.406112922094648,1
2023-11-24,4559.33984375,0.059687366788407914,0
2023-11-27,4550.43017578125,-0.1954157460090089,1
2023-11-28,4554.89013671875,0.09801185306033133,0
2023-11-29,4550.580078125,-0.09462486392383118,1
2023-11-30,4567.7998046875,0.37840728581564065,1
2023-12-01,4594.6298828125,0.5873742123607695,0
2023-12-04,4569.77978515625,-0.5408509126972105,0
2023-12-05,4567.18017578125,-0.056886972616143616,0
2023-12-06,4549.33984375,-0.3906202808869552,1
2023-12-07,4585.58984375,0.7968189065892917,1
2023-12-08,4604.3701171875,0.40954978699407896,1
2023-12-11,4622.43994140625,0.3924494286698943,1
2023-12-12,4643.7001953125,0.45993575202152304,1
2023-12-13,4707.08984375,1.3650676351045998,1
2023-12-14,4719.5498046875,0.26470624846992585,0
2023-12-15,4719.18994140625,-0.00762494933082003,1
2023-12-18,4740.56005859375,0.45283443669004164,1
2023-12-19,4768.3701171875,0.5866407818910568,0
2023-12-20,4698.35009765625,-1.4684266911006771,1
2023-12-21,4746.75,1.030146782120256,1
2023-12-22,4754.6298828125,0.16600585268868873,1
2023-12-26,4774.75,0.42316894655107795,1
2023-12-27,4781.580078125,0.14304577464787638,1
2023-12-28,4783.35009765625,0.03701746080437829,0
2023-12-29,4769.830078125,-0.2826475013374963,0
2024-01-02,4742.830078125,-0.5660579005492328,0
2024-01-03,4704.81005859375,-0.8016314922730805,0
2024-01-04,4688.68017578125,-0.3428381297357008,1
2024-01-05,4697.240234375,0.18256861788026324,1
2024-01-08,4763.5400390625,1.4114629309846638,0
2024-01-09,4756.5,-0.14779006799081618,1
2024-01-10,4783.4501953125,0.566597189372442,0
2024-01-11,4780.240234375,-0.06710555783868699,1
2024-01-12,4783.830078125,0.07509755941104146,0
2024-01-16,4765.97998046875,-0.37313402367431525,0
2024-01-17,4739.2099609375,-0.5616897183990499,1
2024-01-18,4780.93994140625,0.8805260963896,1
2024-01-19,4839.81005859375,1.2313502764936146,1
2024-01-22,4850.43017578125,0.21943252026270788,1
2024-01-23,4864.60009765625,0.2921374261968035,1
2024-01-24,4868.5498046875,0.08119284117831249,1
2024-01-25,4894.16015625,0.5260365527706368,0
2024-01-26,4890.97021484375,-0.06517852510764532,1
2024-01-29,4927.93017578125,0.7556774896180896,0
2024-01-30,4924.97021484375,-0.06006499345398986,0
2024-01-31,4845.64990234375,-1.6105744611597972,1
2024-02-01,4906.18994140625,1.2493688211609788,1
2024-02-02,4958.60986328125,1.068444607751462,0
2024-02-05,4942.81005859375,-0.31863375266721894,1
2024-02-06,4954.22998046875,0.23104108269635937,1
2024-02-07,4995.06005859375,0.8241457963390042,1
2024-02-08,4997.91015625,0.057058326082515265,1
2024-02-09,5026.60986328125,0.5742341525559524,0
2024-02-12,5021.83984375,-0.09489536011326738,0
2024-02-13,4953.169921875,-1.3674255653625456,1
2024-02-14,5000.6201171875,0.9579763275017639,1
2024-02-15,5029.72998046875,0.5821250684729495,0
2024-02-16,5005.56982421875,-0.48034698371121065,0
2024-02-20,4975.509765625,-0.6005322001165325,1
2024-02-21,4981.7998046875,0.1264199922982101,1
2024-02-22,5087.02978515625,2.112288421741404,1
2024-02-23,5088.7998046875,0.03479475462115911,0
2024-02-26,5069.52978515625,-0.3786751350190576,1
2024-02-27,5078.18017578125,0.17063496993998672,0
2024-02-28,5069.759765625,-0.1658155060430544,1
2024-02-29,5096.27001953125,0.5229094697149161,1
2024-03-01,5137.080078125,0.800782894888763,0
2024-03-04,5130.9501953125,-0.11932620709189656,0
2024-03-05,5078.64990234375,-1.0193100883444606,1
2024-03-06,5104.759765625,0.5141103203274655,1
2024-03-07,5157.35986328125,1.0304127925951478,0
2024-03-08,5123.68994140625,-0.6528519003437983,0
2024-03-11,5117.93994140625,-0.1122238087346461,1
2024-03-12,5175.27001953125,1.1201787981366396,0
2024-03-13,5165.31005859375,-0.19245297153407392,0
2024-03-14,5150.47998046875,-0.28710915621273925,0
2024-03-15,5117.08984375,-0.6482917484461503,1
2024-03-18,5149.419921875,0.6318059504952345,1
2024-03-19,5178.509765625,0.5649149650123642,1
2024-03-20,5224.6201171875,0.8904173912846591,1
2024-03-21,5241.52978515625,0.32365354015160275,0
2024-03-22,5234.18017578125,-0.14021878490156903,0
2024-03-25,5218.18994140625,-0.30549644525015296,0
2024-03-26,5203.580078125,-0.2799795225030266,1
2024-03-27,5248.490234375,0.8630626525532925,1
2024-03-28,5254.35009765625,0.11164855071790214,0
2024-04-01,5243.77001953125,-0.20135845401164643,0
2024-04-02,5205.81005859375,-0.723905907316913,1
2024-04-03,5211.490234375,0.1091122364688113,0
2024-04-04,5147.2099609375,-1.2334336350379616,1
2024-04-05,5204.33984375,1.1099194174331695,0
2024-04-08,5202.39013671875,-0.037463099831791524,1
2024-04-09,5209.91015625,0.14454931932483817,0
2024-04-10,5160.64013671875,-0.9456980649108493,1
2024-04-11,5199.06005859375,0.7444797710585593,0
2024-04-12,5123.41015625,-1.455068829580164,0
2024-04-15,5061.81982421875,-1.202135494776202,0
2024-04-16,5051.41015625,-0.20565070133361507,0
2024-04-17,5022.2099609375,-0.5780602724641426,0
2024-04-18,5011.1201171875,-0.2208160119998248,0
2024-04-19,4967.22998046875,-0.875854812743615,1
2024-04-22,5010.60009765625,0.8731248071466746,1
2024-04-23,5070.5498046875,1.1964576270872662,1
2024-04-24,5071.6298828125,0.02130100613548791,0
2024-04-25,5048.419921875,-0.4576430353515626,1
2024-04-26,5099.9599609375,1.020914263474304,1
2024-04-29,5116.169921875,0.31784486665891176,0
2024-04-30,5035.68994140625,-1.5730513586862171,0
2024-05-01,5018.39013671875,-0.34354388154940185,1
2024-05-02,5064.2001953125,0.9128437077573048,1
2024-05-03,5127.7900390625,1.2556739721478527,1
2024-05-06,5180.740234375,1.032612390701182,1
2024-05-07,5187.7001953125,0.13434298232750663,0
2024-05-08,5187.669921875,-0.0005835618166138978,1
2024-05-09,5214.080078125,0.5090947698625836,1
2024-05-10,5222.68017578125,0.1649398844549843,0
2024-05-13,5221.419921875,-0.024130405535727206,1
2024-05-14,5246.68017578125,0.4837813139759728,1
2024-05-15,5308.14990234375,1.1715927882596233,0
2024-05-16,5297.10009765625,-0.20816677921287052,1
2024-05-17,5303.27001953125,0.11647735102702228,1
2024-05-20,5308.1298828125,0.09163899374069473,1
2024-05-21,5321.41015625,0.2501874243978186,0
2024-05-22,5307.009765625,-0.2706123039226127,0
2024-05-23,5267.83984375,-0.7380789485015526,1
2024-05-24,5304.72021484375,0.700104258816947,1
2024-05-28,5306.0400390625,0.02488018529340774,0
2024-05-29,5266.9501953125,-0.7367046509680453,0
2024-05-30,5235.47998046875,-0.5975035585443322,1
2024-05-31,5277.509765625,0.802787620486467,1
2024-06-03,5283.39990234375,0.11160825806737495,1
2024-06-04,5291.33984375,0.15028090913065117,1
2024-06-05,5354.02978515625,1.1847649793331305,0
2024-06-06,5352.9599609375,-0.019981663563317653,0
2024-06-07,5346.990234375,-0.11152197300303701,1
2024-06-10,5360.7900390625,0.25808546645145203,1
2024-06-11,5375.31982421875,0.27103813151374556,1
2024-06-12,5421.02978515625,0.8503672791998707,1
2024-06-13,5433.740234375,0.23446558536817097,0
2024-06-14,5431.60009765625,-0.0393860697500914,1
2024-06-17,5473.22998046875,0.7664386564552705,1
2024-06-18,5487.02978515625,0.2521327394745754,0
2024-06-20,5473.169921875,-0.25259318472709014,0
2024-06-21,5464.6201171875,-0.1562130321101196,0
2024-06-24,5447.8701171875,-0.3065171894990004,1
2024-06-25,5469.2998046875,0.39335900157368986,1
2024-06-26,5477.89990234375,0.15724312002203256,1
2024-06-27,5482.8701171875,0.09073212238914774,0
2024-06-28,5460.47998046875,-0.4083652583445674,1
2024-07-01,5475.08984375,0.26755639309195,1
2024-07-02,5509.009765625,0.6195317856513505,1
2024-07-03,5537.02001953125,0.5084444409779065,1
2024-07-05,5567.18994140625,0.5448765178485582,1
2024-07-08,5572.85009765625,0.10166989647510949,1
2024-07-09,5576.97998046875,0.07410719362856977,1
2024-07-10,5633.91015625,1.0208065293514812,0
2024-07-11,5584.5400390625,-0.8763028841120457,1
2024-07-12,5615.35009765625,0.5517027074430692,1
2024-07-15,5631.22021484375,0.28262026252154904,1
2024-07-16,5667.2001953125,0.6389375498743188,0
2024-07-17,5588.27001953125,-1.3927543241993745,0
2024-07-18,5544.58984375,-0.7816403936922511,0
2024-07-19,5505.0,-0.7140265531926926,1
2024-07-22,5564.41015625,1.079203564940956,0
2024-07-23,5555.740234375,-0.1558102589770738,0
2024-07-24,5427.1298828125,-2.314909375473495,0
2024-07-25,5399.22021484375,-0.5142620237842288,1
2024-07-26,5459.10009765625,1.1090468702846357,1
2024-07-29,5463.5400390625,0.08133101292933098,0
2024-07-30,5436.43994140625,-0.49601718780302173,1
2024-07-31,5522.2998046875,1.5793398659167401,0
2024-08-01,5446.68017578125,-1.3693502993456064,0
2024-08-02,5346.56005859375,-1.8381860868696753,0
2024-08-05,5186.330078125,-2.996879838863975,1
2024-08-06,5240.02978515625,1.0354085880061037,0
2024-08-07,5199.5,-0.7734647858502863,1
2024-08-08,5319.31005859375,2.3042611519136447,1
2024-08-09,5344.16015625,0.46716768495385086,1
2024-08-12,5344.39013671875,0.004303397765514916,1
2024-08-13,5434.43017578125,1.6847579753558328,1
2024-08-14,5455.2099609375,0.38237284285767004,1
2024-08-15,5543.22021484375,1.6133247764330783,1
2024-08-16,5554.25,0.1989779357261412,1
2024-08-19,5608.25,0.9722284736913167,0
2024-08-20,5597.1201171875,-0.19845553982971165,1
2024-08-21,5620.85009765625,0.4239676828782013,0
2024-08-22,5570.64013671875,-0.8932805548120926,1
2024-08-23,5634.60986328125,1.148337085011919,0
2024-08-26,5616.83984375,-0.31537266931381813,1
2024-08-27,5625.7998046875,0.15951960865450143,0
2024-08-28,5592.18017578125,-0.597597320797616,0
2024-08-29,5591.9599609375,-0.003937906806072977,1
2024-08-30,5648.39990234375,1.0093051774424433,0
2024-09-03,5528.93017578125,-2.115107439771169,0
2024-09-04,5520.06982421875,-0.16025435809103872,0
2024-09-05,5503.41015625,-0.3018017615584734,0
2024-09-06,5408.419921875,-1.7260249859284649,1
2024-09-09,5471.0498046875,1.15800702824842,1
2024-09-10,5495.52001953125,0.4472672652839682,1
2024-09-11,5554.1298828125,1.0665025888896507,1
2024-09-12,5595.759765625,0.7495302358939249,1
2024-09-13,5626.02001953125,0.5407711405364557,1
2024-09-16,5633.08984375,0.12566297656613212,1
2024-09-17,5634.580078125,0.026455008109871336,0
2024-09-18,5618.259765625,-0.2896455862498093,1
2024-09-19,5713.64013671875,1.697685316676334,0
2024-09-20,5702.5498046875,-0.19410273951238066,1
2024-09-23,5718.56982421875,0.2809273058532735,1
2024-09-24,5732.93017578125,0.25111788443470395,0
2024-09-25,5722.259765625,-0.18612489301417234,1
2024-09-26,5745.3701171875,0.403867571712313,0
2024-09-27,5738.169921875,-0.12532169669905446,1
2024-09-30,5762.47998046875,0.42365525811767224,0
2024-10-01,5708.75,-0.9324107094664358,1
2024-10-02,5709.5400390625,0.013839090212397487,0
2024-10-03,5699.93994140625,-0.1681413492255035,1
2024-10-04,5751.06982421875,0.8970249395274354,0
2024-10-07,5695.93994140625,-0.9586022165882668,1
2024-10-08,5751.1298828125,0.9689347495581924,1
2024-10-09,5792.0400390625,0.7113411987488272,0
2024-10-10,5780.0498046875,-0.2070122839989974,1
2024-10-11,5815.02978515625,0.6051847587953629,1
2024-10-14,5859.85009765625,0.770766688322233,0
2024-10-15,5815.259765625,-0.7609466332438197,1
2024-10-16,5842.47021484375,0.4679145956573816,0
2024-10-17,5841.47021484375,-0.017116047891174713,1
2024-10-18,5864.669921875,0.39715527389487804,0
2024-10-21,5853.97998046875,-0.18227694906369774,0
2024-10-22,5851.2001953125,-0.04748538883844189,0
2024-10-23,5797.419921875,-0.9191323428069387,1
2024-10-24,5809.85986328125,0.2145772011323821,0
2024-10-25,5808.1201171875,-0.029944716993013376,1
2024-10-28,5823.52001953125,0.26514435020339455,1
2024-10-29,5832.919921875,0.1614127248163344,0
2024-10-30,5813.669921875,-0.3300233889343751,0
2024-10-31,5705.4501953125,-1.8614700871699585,1
2024-11-01,5728.7998046875,0.4092509543626166,0
2024-11-04,5712.68994140625,-0.2812083478299976,1
2024-11-05,5782.759765625,1.2265644545291332,1
2024-11-06,5929.0400390625,2.5295927786425976,1
2024-11-07,5973.10009765625,0.7431229727488331,1
2024-11-08,5995.5400390625,0.3756833309231711,1
2024-11-11,6001.35009765625,0.09690634297987444,0
2024-11-12,5983.990234375,-0.289265965137242,1
2024-11-13,5985.3798828125,0.023222772482434095,0
2024-11-14,5949.169921875,-0.6049734794859041,0
2024-11-15,5870.6201171875,-1.3203489851361216,1
2024-11-18,5893.6201171875,0.3917814394541086,1
2024-11-19,5916.97998046875,0.3963584828470035,1
2024-11-20,5917.10986328125,0.002195086225209586,1
2024-11-21,5948.7099609375,0.5340461540581654,1
2024-11-22,5969.33984375,0.3467959094991535,1
2024-11-25,5987.3701171875,0.3020480305938378,1
2024-11-26,6021.6298828125,0.5722005647630368,0
2024-11-27,5998.740234375,-0.3801238017440034,1
2024-11-29,6032.3798828125,0.5607785488815242,1
2024-12-02,6047.14990234375,0.24484564662998753,1
2024-12-03,6049.8798828125,0.04514491145146682,1
2024-12-04,6086.490234375,0.6051417924264779,0
2024-12-05,6075.10986328125,-0.18697756269248078,1
2024-12-06,6090.27001953125,0.24954538421815275,0
2024-12-09,6052.85009765625,-0.6144213927296471,0
2024-12-10,6034.91015625,-0.2963883313944371,1
2024-12-11,6084.18994140625,0.8165786048233592,0
2024-12-12,6051.25,-0.5414022527810203,0
2024-12-13,6051.08984375,-0.0026466639124200775,1
2024-12-16,6074.080078125,0.3799354326022186,0
2024-12-17,6050.60986328125,-0.3863994965801476,0
2024-12-18,5872.16015625,-2.949284635160343,0
2024-12-19,5867.080078125,-0.08651123249070469,1
2024-12-20,5930.85009765625,1.0869123768910471,1
2024-12-23,5974.06982421875,0.7287273468533639,1
2024-12-24,6040.0400390625,1.104275925539211,0
2024-12-26,6037.58984375,-0.040565878647391695,0
2024-12-27,5970.83984375,-1.1055736101235558,0
2024-12-30,5906.93994140625,-1.0701995701766776,0
2024-12-31,5881.6298828125,-0.42848003949274016,0
2025-01-02,5868.5498046875,-0.22238866412221947,1
2025-01-03,5942.47021484375,1.259602672149196,1
2025-01-06,5975.3798828125,0.5538045085450305,0
2025-01-07,5909.02978515625,-1.110391288210788,1
2025-01-08,5918.25,0.1560360190925314,0
2025-01-10,5827.0400390625,-1.541164380306681,1
2025-01-13,5836.22021484375,0.15754440882007614,1
2025-01-14,5842.91015625,0.11462798112440442,1
2025-01-15,5949.91015625,1.8312792279639112,0
2025-01-16,5937.33984375,-0.21126894641922966,1
2025-01-17,5996.66015625,0.9991058969353706,1
2025-01-21,6049.240234375,0.8768227105582893,1
2025-01-22,6086.3701171875,0.6137941522227575,1
2025-01-23,6118.7099609375,0.531348622041139,0
2025-01-24,6101.240234375,-0.2855132319398823,0
2025-01-27,6012.27978515625,-1.4580715690809543,1
2025-01-28,6067.7001953125,0.9217869449967608,0
2025-01-29,6039.31005859375,-0.4678895760321544,1
2025-01-30,6071.169921875,0.5275414405311762,0
2025-01-31,6040.52978515625,-0.5046825754019935,0
2025-02-03,5994.56982421875,-0.7608597684666707,1
2025-02-04,6037.8798828125,0.7224881828679752,1
2025-02-05,6061.47998046875,0.3908672930614365,1
2025-02-06,6083.56982421875,0.3644298722618622,0
2025-02-07,6025.990234375,-0.9464770111542897,1
2025-02-10,6066.43994140625,0.6712541085862833,1
2025-02-11,6068.5,0.03395827888592606,0
2025-02-12,6051.97021484375,-0.27238667143857365,1
2025-02-13,6115.06982421875,1.0426292122230674,0
2025-02-14,6114.6298828125,-0.007194380749464546,1
2025-02-18,6129.580078125,0.24449877750611915,1
2025-02-19,6144.14990234375,0.23769693899173827,0
2025-02-20,6117.52001953125,-0.43341850761716705,0
2025-02-21,6013.1298828125,-1.706412670256352,0
2025-02-24,5983.25,-0.49691065044024096,0
2025-02-25,5955.25,-0.46797309154723576,1
2025-02-26,5956.06005859375,0.013602428004699796,0
2025-02-27,5861.56982421875,-1.5864553655509872,1
2025-02-28,5954.5,1.585414463498891,0
2025-03-03,5849.72021484375,-1.75967394669998,0
2025-03-04,5778.14990234375,-1.2234826602200433,1
2025-03-05,5842.6298828125,1.1159277893187936,0
2025-03-06,5738.52001953125,-1.7819007085749905,1
2025-03-07,5770.2001953125,0.552061780274804,0
2025-03-10,5614.56005859375,-2.69730913054258,0
2025-03-11,5572.06982421875,-0.7567865323653167,1
2025-03-12,5599.2998046875,0.48868699294464246,0
2025-03-13,5521.52001953125,-1.3890984206835322,1
2025-03-14,5638.93994140625,2.1265869083087807,1
2025-03-17,5675.1201171875,0.6416130719105961,0
2025-03-18,5614.66015625,-1.0653512117636543,1
2025-03-19,5675.2900390625,1.0798495567894584,0
2025-03-20,5662.89013671875,-0.21848931523151816,1
2025-03-21,5667.56005859375,0.08246534476661349,1
2025-03-24,5767.56982421875,1.7646000146633645,1
2025-03-25,5776.64990234375,0.15743334544251475,0
2025-03-26,5712.2001953125,-1.1156934922627149,0
2025-03-27,5693.31005859375,-0.3306980860763864,0
2025-03-28,5580.93994140625,-1.973722070834405,1
2025-03-31,5611.85009765625,0.5538521570653376,1
2025-04-01,5633.06982421875,0.37812354559083605,1
2025-04-02,5670.97021484375,0.6728194715792668,0
2025-04-03,5396.52001953125,-4.8395633359901495,0
2025-04-04,5074.080078125,-5.974960534553109,0
2025-04-07,5062.25,-0.23314724921273955,0
2025-04-08,4982.77001953125,-1.5700524562941354,1
2025-04-09,5456.89990234375,9.515387644904848,0
2025-04-10,5268.0498046875,-3.4607579584726933,1
2025-04-11,5363.35986328125,1.8092095201708958,1
2025-04-14,5405.97021484375,0.7944712390868913,0
2025-04-15,5396.6298828125,-0.17277808903947145,0
2025-04-16,5275.7001953125,-2.24083715440897,1
2025-04-17,5282.7001953125,0.13268380955802073,0
2025-04-21,5158.2001953125,-2.3567493023827546,1
2025-04-22,5287.759765625,2.5117204723895226,1
2025-04-23,5375.85986328125,1.6661138470960069,1
2025-04-24,5484.77001953125,2.0259113708281262,1
2025-04-25,5525.2099609375,0.7373133469998461,1
2025-04-28,5528.75,0.06407067039131409,1
2025-04-29,5560.830078125,0.5802410694099036,1
2025-04-30,5569.06005859375,0.147999135976562,1
2025-05-01,5604.14013671875,0.6299102138585644,1
2025-05-02,5686.669921875,1.472657412963474,0
2025-05-05,5650.3798828125,-0.6381597588933863,0
2025-05-06,5606.91015625,-0.7693239651855532,1
2025-05-07,5631.27978515625,0.43463562331358396,1
2025-05-08,5663.93994140625,0.5799775094835535,0
2025-05-09,5659.91015625,-0.0711480912216289,1
2025-05-12,5844.18994140625,3.2558782749008364,1
2025-05-13,5886.5498046875,0.7248200983532183,1
2025-05-14,5892.580078125,0.1024415597859818,1
2025-05-15,5916.93017578125,0.41323320741357694,1
2025-05-16,5958.3798828125,0.7005272294898557,1
2025-05-19,5963.60009765625,0.08761131291423752,0
2025-05-20,5940.4599609375,-0.38802294486252054,0
2025-05-21,5844.60986328125,-1.613513066101424,0
2025-05-22,5842.009765625,-0.04448710379429954,0
2025-05-23,5802.81982421875,-0.6708297825321674,1
2025-05-27,5921.5400390625,2.04590558452733,0
2025-05-28,5888.5498046875,-0.5571225417268844,1
2025-05-29,5912.169921875,0.4011194261904327,0
2025-05-30,5911.68994140625,-0.008118516130162234,1
2025-06-02,5935.93994140625,0.41020419271569075,1
2025-06-03,5970.3701171875,0.5800290454605506,1
2025-06-04,5970.81005859375,0.00736874595066439,0
2025-06-05,5939.2998046875,-0.5277383403094138,1
2025-06-06,6000.35986328125,1.0280683010067904,1
2025-06-09,6005.8798828125,0.09199480792858594,1
2025-06-10,6038.81005859375,0.548298940767844,0
2025-06-11,6022.240234375,-0.2743888954607865,1
2025-06-12,6045.259765625,0.38224199557175265,0
2025-06-13,5976.97021484375,-1.1296379879250695,1
2025-06-16,6033.10986328125,0.9392659896159117,0
2025-06-17,5982.72021484375,-0.8352184790166306,0
2025-06-18,5980.8701171875,-0.03092402101070313,0
2025-06-20,5967.83984375,-0.2178658486505891,1
2025-06-23,6025.169921875,0.9606504133156335,1
2025-06-24,6092.18017578125,1.112172017970181,0
2025-06-25,6092.16015625,-0.00032861029504172024,1
2025-06-26,6141.02001953125,0.8020121275230219,1
2025-06-27,6173.06982421875,0.5218970885222163,1
2025-06-30,6204.9501953125,0.5164427424532603,0
2025-07-01,6198.009765625,-0.1118531087121899,1
2025-07-02,6227.419921875,0.47450967910880326,1
2025-07-03,6279.35009765625,0.8338955206607324,0
2025-07-07,6229.97998046875,-0.7862297279128794,0
2025-07-08,6225.52001953125,-0.07158868810946961,1
2025-07-09,6263.259765625,0.6062103402663555,1
2025-07-10,6280.4599609375,0.27462050044453346,0
2025-07-11,6259.75,-0.32975229626984737,1
2025-07-14,6268.56005859375,0.1407413809457303,0
2025-07-15,6243.759765625,-0.3956298214731202,1
2025-07-16,6263.7001953125,0.3193657417327689,1
2025-07-17,6297.35986328125,0.537376740890938,0
2025-07-18,6296.7900390625,-0.009048620868445933,1
2025-07-21,6305.60009765625,0.1399134882868358,1
2025-07-22,6309.6201171875,0.06375316336257875,1
2025-07-23,6358.91015625,0.7811886951519131,1
2025-07-24,6363.35009765625,0.06982236416543941,1
2025-07-25,6388.64013671875,0.397432777929585,1
2025-07-28,6389.77001953125,0.017685810881817865,0
2025-07-29,6370.85986328125,-0.2959442388724254,0
2025-07-30,6362.89990234375,-0.12494327466496813,0
2025-07-31,6339.39013671875,-0.36948193411530106,0
2025-08-01,6238.009765625,-1.5992133140148468,1
2025-08-04,6329.93994140625,1.473710033091602,0
2025-08-05,6299.18994140625,-0.48578659963033344,1
2025-08-06,6345.06005859375,0.7281907295092482,0
2025-08-07,6340.0,-0.07974800154801898,1
2025-08-08,6389.4501953125,0.7799715348974834,0
2025-08-11,6373.4501953125,-0.25041278217863283,1
2025-08-12,6445.759765625,1.134543584661274,1
2025-08-13,6466.580078125,0.32300788824048965,1
2025-08-14,6468.5400390625,0.030309080129242716,0
2025-08-15,6449.7998046875,-0.2897135097229109,0
2025-08-18,6449.14990234375,-0.010076318078544588,0
2025-08-19,6411.3701171875,-0.5858103118756786,0
2025-08-20,6395.77978515625,-0.24316693228262354,0
2025-08-21,6370.169921875,-0.40041815293089256,1
2025-08-22,6466.91015625,1.5186444876893468,0
2025-08-25,6439.31982421875,-0.4266385548063467,1
2025-08-26,6465.93994140625,0.4133995191134998,1
2025-08-27,6481.39990234375,0.23909843081744153,1
2025-08-28,6501.85986328125,0.31567194195349924,0
2025-08-29,6460.259765625,-0.639818429357164,0
2025-09-02,6415.5400390625,-0.6922279936861564,1
2025-09-03,6448.259765625,0.5100073627984258,1
2025-09-04,6502.080078125,0.8346486409699372,0
2025-09-05,6481.5,-0.3165152978388819,1
2025-09-08,6495.14990234375,0.21059789159529885,1
2025-09-09,6512.60986328125,0.26881536531127015,1
2025-09-10,6532.0400390625,0.2983469943562689,1
2025-09-11,6587.47021484375,0.8485890387959882,0
2025-09-12,6584.2900390625,-0.048276131466740146,1
2025-09-15,6615.27978515625,0.4706619226962694,0
2025-09-16,6606.759765625,-0.12879303382402618,0
2025-09-17,6600.35009765625,-0.09701681605103207,1
2025-09-18,6631.9599609375,0.47891191851283654,1
2025-09-19,6664.35986328125,0.48854188708296054,1
2025-09-22,6693.75,0.44100464743330736,0
2025-09-23,6656.919921875,-0.5502159197012135,0
2025-09-24,6637.97021484375,-0.2846617843333288,0
2025-09-25,6604.72021484375,-0.500906134312662,1
2025-09-26,6643.7001953125,0.5901836747171263,1
2025-09-29,6661.2099609375,0.263554421636214,1
2025-09-30,6688.4599609375,0.40908483833717035,1
2025-10-01,6711.2001953125,0.3399920834961989,1
2025-10-02,6715.35009765625,0.06183547238911569,1
2025-10-03,6715.7900390625,0.006551280273581206,1
2025-10-06,6740.27978515625,0.36465919796933033,0
2025-10-07,6714.58984375,-0.38114057910215715,1
2025-10-08,6753.72021484375,0.5827663640568082,0
2025-10-09,6735.10986328125,-0.2755570407195318,0
2025-10-10,6552.509765625,-2.711167321141361,1
2025-10-13,6654.72021484375,1.5598671787557583,0
2025-10-14,6644.31005859375,-0.15643266604626893,1
2025-10-15,6671.06005859375,0.40260011595036893,0
2025-10-16,6629.06982421875,-0.6294387099829435,1
2025-10-17,6664.009765625,0.5270715550257155,1
2025-10-20,6735.1298828125,1.0672270853256949,1
2025-10-21,6735.35009765625,0.0032696450934288634,0
2025-10-22,6699.39990234375,-0.5337539220865439,1
2025-10-23,6738.43994140625,0.5827393442932483,1
2025-10-24,6791.68994140625,0.7902422587873881,1
2025-10-27,6875.16015625,1.2290050865671143,1
2025-10-28,6890.89013671875,0.22879438603986557,0
2025-10-29,6890.58984375,-0.0043578255173426506,0
2025-10-30,6822.33984375,-0.9904812439519239,1
2025-10-31,6840.2001953125,0.26179217059763005,1
2025-11-03,6851.97021484375,0.17207127269924793,0
2025-11-04,6771.5498046875,-1.1736830084583816,1
2025-11-05,6796.2900390625,0.36535556982648654,0
2025-11-06,6720.31982421875,-1.1178189042419073,1
2025-11-07,6728.7998046875,0.12618418007710464,1
2025-11-10,6832.43017578125,1.540101862170995,1
2025-11-11,6846.60986328125,0.2075350517340535,1
2025-11-12,6850.919921875,0.06295171887717999,0
2025-11-13,6737.490234375,-1.6556854961596978,0
2025-11-14,6734.10986328125,-0.05017255648851471,0
2025-11-17,6672.41015625,-0.9162266176807821,0
2025-11-18,6617.31982421875,-0.8256436690967983,1
2025-11-19,6642.16015625,0.37538357962292324,0
2025-11-20,6538.759765625,-1.5567283563270418,1
2025-11-21,6602.990234375,0.9823035415319481,1
2025-11-24,6705.1201171875,1.5467217001293498,1
2025-11-25,6765.8798828125,0.9061696817220577,1
2025-11-26,6812.60986328125,0.6906711511012631,1
2025-11-28,6849.08984375,0.5354773163420257,0
2025-12-01,6812.6298828125,-0.5323329342915684,1
2025-12-02,6829.3701171875,0.24572352619998128,1
2025-12-03,6849.72021484375,0.29797912994984355,1
2025-12-04,6857.1201171875,0.10803218396737702,1
2025-12-05,6870.39990234375,0.1936641757662061,0
2025-12-08,6846.509765625,-0.3477255626794018,0
2025-12-09,6840.509765625,-0.08763589340257116,1
2025-12-10,6886.68017578125,0.674955693920154,1
2025-12-11,6901.0,0.2079350841514227,0
2025-12-12,6827.41015625,-1.0663649289958,0
2025-12-15,6816.509765625,-0.15965630269072495,0
2025-12-16,6800.259765625,-0.23839179519623555,0
2025-12-17,6721.43017578125,-1.1592143912241393,1
2025-12-18,6774.759765625,0.7934262269941872,1
2025-12-19,6834.5,0.8818059450332205,1
2025-12-22,6878.490234375,0.6436496360377575,1
2025-12-23,6909.7900390625,0.45503887657032394,1
2025-12-24,6932.0498046875,0.32214822012188726,0
2025-12-26,6929.93994140625,-0.030436354912266594,0
2025-12-29,6905.740234375,-0.349205148036813,0
2025-12-30,6896.240234375,-0.13756671519022934,0
2025-12-31,6845.5,-0.7357666300846111,1
2026-01-02,6858.47021484375,0.18947067188299638,1
2026-01-05,6902.0498046875,0.6354126864826393,1
2026-01-06,6944.81982421875,0.6196712678341321,0
2026-01-07,6920.93017578125,-0.3439923431013958,1
2026-01-08,6921.4599609375,0.00765482590914246,1
2026-01-09,6966.27978515625,0.6475487031883276,1
2026-01-12,6977.27001953125,0.1577633215136931,0
2026-01-13,6963.740234375,-0.19391230550597216,0
2026-01-14,6926.60009765625,-0.5333360445499591,1
2026-01-15,6944.47021484375,0.25799262171273263,0
2026-01-16,6940.009765625,-0.06423023039563436,0
2026-01-20,6796.85986328125,-2.062675805627745,1
2026-01-21,6875.6201171875,1.1587741323274559,1
2026-01-22,6913.35009765625,0.5487502192628835,1
2026-01-23,6915.60986328125,0.03268698377891788,1
2026-01-26,6950.22998046875,0.5006083031276365,1
2026-01-27,6978.60009765625,0.40818961771371676,0
2026-01-28,6978.02978515625,-0.008172305219089626,0
2026-01-29,6969.009765625,-0.1292631274007694,0
2026-01-30,6939.02978515625,-0.4301899620894223,1
2026-02-02,6976.43994140625,0.539126612916796,0
2026-02-03,6917.81005859375,-0.8403983020698336,0
2026-02-04,6882.72021484375,-0.5072391906223106,0
2026-02-05,6798.39990234375,-1.2251015567674717,1
2026-02-06,6932.2998046875,1.9695796697335899,1
2026-02-09,6964.81982421875,0.4691086716887227,0
2026-02-10,6941.81005859375,-0.3303712975458173,0
2026-02-11,6941.47021484375,-0.004895607156218951,0
2026-02-12,6832.759765625,-1.566101212770199,1
2026-02-13,6836.169921875,0.04990891480125548,1
2026-02-17,6843.22021484375,0.10313220779065713,1
2026-02-18,6881.31005859375,0.5566070147410729,0
2026-02-19,6861.89013671875,-0.28221256867719813,1
2026-02-20,6909.509765625,0.6939724763506794,0
2026-02-23,6837.75,-1.0385652247284827,1
2026-02-24,6890.06982421875,0.7651614086322311,1
2026-02-25,6946.1298828125,0.8136355657339944,0
2026-02-26,6908.85986328125,-0.5365580569328343,0
2026-02-27,6878.8798828125,-0.43393528110311497,1
2026-03-02,6881.6201171875,0.03983547353176853,0
2026-03-03,6816.6298828125,-0.9444031095625416,1
2026-03-04,6869.5,0.7756049264286302,0
2026-03-05,6830.7099609375,-0.5646704863891072,0
2026-03-06,6740.02001953125,-1.3276795812569242,1
2026-03-09,6795.990234375,0.8304161513105202,0
2026-03-10,6781.47998046875,-0.21351198877325173,0
2026-03-11,6775.7998046875,-0.08376012017449197,0
2026-03-12,6672.6201171875,-1.5227676506708532,0
2026-03-13,6632.18994140625,-0.6059115470564369,1
2026-03-16,6699.3798828125,1.013088316225197,1
2026-03-17,6716.08984375,0.24942548757938,0
2026-03-18,6624.7001953125,-1.3607567880073446,0
2026-03-19,6606.490234375,-0.2748797741878972,0
2026-03-20,6506.47998046875,-1.5138182356779217,1
2026-03-23,6581.0,1.1453200463990454,0
2026-03-24,6556.3701171875,-0.37425745042546366,1
2026-03-25,6591.89990234375,0.5419124381509377,0
2026-03-26,6477.16015625,-1.7406172392416708,0
2026-03-27,6368.85009765625,-1.6721843521074309,0
2026-03-30,6343.72021484375,-0.39457488286226416,1
2026-03-31,6528.52001953125,2.913114047102594,1
2026-04-01,6575.31982421875,0.7168516684867399,1
2026-04-02,6582.68994140625,0.11208758485563575,1
2026-04-06,6611.830078125,0.44267825126402816,1
2026-04-07,6616.85009765625,0.07592481161695641,1
2026-04-08,6782.81005859375,2.5081414644149813,1
2026-04-09,6824.66015625,0.6170023529293189,0
2026-04-10,6816.89013671875,-0.11385210916523558,1
2026-04-13,6886.240234375,1.01732749487482,1
2026-04-14,6967.3798828125,1.1782866364792755,1
2026-04-15,7022.9501953125,0.7975783355387733,1
2026-04-16,7041.27978515625,0.26099558353673835,1
2026-04-17,7126.06005859375,1.2040463669150903,0
2026-04-20,7109.14013671875,-0.23743726176704838,0
2026-04-21,7064.009765625,-0.6348217959672997,1
2026-04-22,7137.89990234375,1.0460084168953943,0
2026-04-23,7108.39990234375,-0.4132868267081369,1
2026-04-24,7165.080078125,0.7973689797975636,1
2026-04-27,7173.91015625,0.12323767534654362,0
2026-04-28,7138.7998046875,-0.48941721875219724,0
